id,domain,status,purchase_price,renewal_price,attractiveness,demand,length,registrar,created_at,expires_at,status_verified_at
541cba36-792e-4e0e-a479-9ceafc38d1db,technology.tools,premium,207.2,207.2,high,low,10,spaceship,,,07/10/2026 22:38
64cf6740-f3ac-4558-ae3f-b7cb0de6ef61,technology.zone,resell,,,high,low,10,Porkbun LLC,29/04/2014 08:33,29/04/2028 08:33,07/10/2026 22:38
bb15e6c8-deef-4288-97d8-9920dbfab2b1,technology.dev,premium,671.92,671.92,high,low,10,spaceship,,,07/10/2026 22:38
f8c49b80-3559-42e8-b67a-614b51f48af9,technology.onl,premium,65,130,high,low,10,namecheap,,,07/10/2026 22:38
029fbd6e-23f4-40a9-a17f-6367844f9ea3,technology.srl,premium,54.28,30.68,high,low,10,namesilo,,,07/10/2026 22:38
b54ba074-af3f-4561-88eb-3df2d68ab010,technology.rentals,premium,200.5,220,high,low,10,unstoppable,,,07/10/2026 22:38
700d6691-6f52-47a3-a139-9c6698ee68cd,technology.ltda,premium,52.8,30.18,high,low,10,dynadot,,,07/10/2026 22:38
8fbf9369-a799-4e44-81a6-0ae7be8e0289,technology.foo,premium,64.93,64.93,high,low,10,porkbun,,,07/10/2026 22:38
b2fa2725-d0d1-46e1-9628-fc98cafcc828,technology.camera,available,46.78,46.78,high,low,10,spaceship,,,07/10/2026 22:38
25e949e1-6852-4e1c-80e7-2f3e86da6057,technology.immo,premium,118.8,118.8,high,low,10,namesilo,,,07/10/2026 22:38
b020ecc2-f134-4a09-a7c3-205e748cbd20,technology.investments,premium,414.2,414.2,high,low,10,spaceship,,,07/10/2026 22:38
514edac2-c742-45d3-bb04-fe219883fea2,technology.enterprises,resell,,,high,low,10,Dynadot Inc,28/07/2026 17:00,28/07/2027 17:00,07/10/2026 22:38
8edbc9c3-c88f-4267-83a3-b52f63aa1b73,technology.systems,resell,,,high,low,10,Dynadot Inc,02/01/2018 08:12,02/01/2027 08:12,07/10/2026 22:38
00c9a244-3da0-4033-95a8-2d622986dbae,technology.tech,premium,6900,6900,high,low,10,namesilo,,,07/10/2026 22:38
2ff8a4d8-620c-4f45-affc-411450f25541,technology.glass,premium,108.6,108.6,high,low,10,porkbun,,,07/10/2026 22:38
c2324451-9e12-4d61-b0bd-9262e68901cb,technology.dog,premium,512,512,high,low,10,namesilo,,,07/10/2026 22:38
9c56edbc-10e9-4fa3-86c5-b9b1f4362e2d,technology.llc,premium,2070.2,2070.2,high,low,10,spaceship,,,07/10/2026 22:38
8c65577b-3745-487c-a4ec-88f5ec463551,technology.computer,resell,,,high,low,10,"Sav.com, LLC - 38",06/09/2026 15:15,06/09/2027 15:15,07/10/2026 22:38
0beb7bc7-d5cc-400f-b665-f4a63c8d92fe,technology.sale,premium,414.2,414.2,high,low,10,spaceship,,,07/10/2026 22:38
487aca36-77fc-4698-8485-1b57783fa0f1,technology.berlin,available,79.98,89.98,high,low,10,namecheap,,,07/10/2026 22:38
67c9c692-a677-4ad8-b29e-5102dfc3e492,technology.exposed,premium,207.2,207.2,high,low,10,spaceship,,,07/10/2026 22:38
d2b6eb8a-be79-4ad2-9dd4-2ba8d156110a,technology.coach,available,17.99,77.99,high,low,10,namesilo,,,07/10/2026 22:38
ab585a23-11b9-460a-84a1-6626bc90110b,technology.kitchen,premium,218.8,437.19,high,low,10,porkbun,,,07/10/2026 22:38
e871475f-6ccc-414f-a815-b217afb44064,technology.maison,available,45.74,45.74,high,low,10,spaceship,,,07/10/2026 22:38
9693b1d5-1345-4c00-b166-7aef1b1e10c2,technology.gripe,premium,38.94,38.94,high,low,10,namesilo,,,07/10/2026 22:38
7e4de769-ceeb-4c07-86f3-acc5e7b8d027,technology.toys,premium,414.2,414.2,high,low,10,spaceship,,,07/10/2026 22:38
a5b5b390-08a8-440e-9535-5356ac553f13,technology.energy,premium,200.5,260,high,low,10,unstoppable,,,07/10/2026 22:38
4fc62d5a-9d1d-4539-8dc0-03d439bfee46,technology.cv,premium,1042.76,7.76,high,low,10,spaceship,,,07/10/2026 22:38
521dc422-51e0-4946-9f95-2d6324d45361,technology.so,resell,,,high,low,10,SOSTEC TECHNOLOGIES_LR,08/09/2021 07:38,08/09/2025 07:38,
47ab468f-fc1b-4ce6-911e-6293b6b4e223,technology.engineer,premium,1107,1107,high,low,10,namesilo,,,07/10/2026 22:38
bc881f6a-9f6a-4881-bdad-6e50ad9ef42c,technology.college,premium,13800,13800,high,low,10,namesilo,,,07/10/2026 22:38
583411d3-6bed-4a9d-8802-b41b1f74fea4,technology.buzz,premium,437.19,109.69,high,low,10,porkbun,,,07/10/2026 22:38
9f8a5b4f-d26c-43e7-96de-4df5d7043e1c,technology.bayern,available,34.99,34.99,high,low,10,namesilo,,,07/10/2026 22:38
db15d1a7-fd79-4aef-8c64-4a6dbf23e1d3,technology.trading,premium,1035.2,1035.2,high,low,10,spaceship,,,07/10/2026 22:38
5450f50e-55e0-40c6-9bb5-885a04ae0631,technology.mobile,premium,330,330,high,low,10,dynadot,,,07/10/2026 22:38
ac7f8c40-303d-41c7-a3fe-21dda8971406,technology.organic,available,66.2,66.2,high,low,10,cloudflare,,,07/10/2026 22:38
1aa7ae30-26fd-41a9-afe0-71b3f040f9c5,technology.catering,premium,78.54,78.54,high,low,10,namesilo,,,07/10/2026 22:38
06812a91-01b3-4821-a146-f55d259a2701,technology.surgery,premium,128.7,128.7,high,low,10,namecheap,,,07/10/2026 22:38
9bb298af-1711-435e-9718-3d9c217eb435,technology.vision,premium,242,242,high,low,10,namesilo,,,07/10/2026 22:38
c19a2f6b-40b1-4e20-ba63-40131ec789d9,technology.fund,premium,1040,1040,high,low,10,namecheap,,,07/10/2026 22:38
b047b92e-b2b7-47ff-93af-5a82647e4a75,technology.vodka,available,32.49,32.49,high,low,10,namesilo,,,07/10/2026 22:38
70235fa8-8d4e-41f8-8520-936de1143a6f,technology.blue,premium,768,768,high,low,10,namesilo,,,07/10/2026 22:38
28a83c66-f320-45d0-9fed-dbd8afbc8a7f,technology.bz,resell,,,high,low,10,"humbly, LLC",12/04/2022 01:09,12/04/2027 01:09,07/10/2026 22:38
9daa687a-18ff-4aab-a662-ef7c5a0077b1,technology.express,premium,99.5,118.8,high,low,10,unstoppable,,,07/10/2026 22:38
73d5f722-2fdd-422d-8713-ee8a937cc570,technology.makeup,premium,832,832,high,low,10,namesilo,,,07/10/2026 22:38
c0c20c0c-ed9c-4023-b5d3-e42b96711fd6,technology.ooo,premium,6900,119.99,high,low,10,namesilo,,,07/10/2026 22:38
1037e13b-9fdc-4048-8373-54edee451bbf,technology.prof,premium,649.2,843.7,high,low,10,unstoppable,,,07/10/2026 22:38
74f7c0ac-b93b-4104-94a0-a12f19b5f9a7,technology.cricket,premium,455,65,high,low,10,namecheap,,,07/10/2026 22:38
4d8a8786-423f-4574-88e9-c344c723f386,technology.holiday,premium,118.8,118.8,high,low,10,namesilo,,,07/10/2026 22:38
00fa979d-2941-4ca0-b376-2ddf282dc7b9,technology.bingo,available,42.64,42.64,high,low,10,spaceship,,,07/10/2026 22:38
f413160e-e864-448b-93fe-08cf1756f73d,technology.phd,premium,671.92,671.92,high,low,10,spaceship,,,07/10/2026 22:38
d016b67d-a084-46d8-9a90-16dcb6b715b3,technology.green,premium,1107,1107,high,low,10,namesilo,,,07/10/2026 22:38
917d9aa6-9b9f-48c8-abdc-3a72b63b0bdc,technology.accountants,available,117.99,117.99,high,low,10,namesilo,,,07/10/2026 22:38
97ea94b1-af69-4d67-bb1d-32f53b3f0488,technology.theater,available,50.2,50.2,high,low,10,cloudflare,,,07/10/2026 22:38
b1b93944-36c7-406a-898c-8a977f5527cb,technology.supply,premium,118.8,118.8,high,low,10,namesilo,,,07/10/2026 22:38
b9c03e21-b6bd-4277-bd70-2aa78f94f015,technology.watch,premium,440,440,high,low,10,dynadot,,,07/10/2026 22:38
878ed367-b901-4f1e-8e65-12d0ab93284d,technology.bet,premium,273.44,273.44,high,low,10,porkbun,,,07/10/2026 22:38
a6a61b4a-b400-40ce-8438-e673ac8045c3,technology.market,premium,218.8,437.19,high,low,10,porkbun,,,07/10/2026 22:38
28694d55-ce76-4b1a-b2c9-a2705dad104f,technology.courses,premium,6500,6500,high,low,10,namecheap,,,07/10/2026 22:38
4b19a964-9c4e-40af-b2c4-343528638f05,technology.gg,resell,,,high,low,10,Docky Company (https://docky.ly),,,07/10/2026 22:38
1dcd152a-3805-440e-969a-7c97590c1964,technology.singles,available,3.31,27.11,high,low,10,spaceship,,,07/10/2026 22:38
98dae784-9c10-4e77-ae20-20a7650b5539,technology.social,premium,200.5,207.2,high,low,10,unstoppable,,,07/10/2026 22:38
cb38f7d3-8d1e-47c3-9486-8bb18fc104be,technology.sarl,available,5.38,5.38,high,low,10,spaceship,,,07/10/2026 22:38
b1ae29c9-c2ad-442a-8065-251e23db153a,technology.city,premium,400.5,512,high,low,10,unstoppable,,,07/10/2026 22:38
b4980960-4935-40d8-8d8e-0a483e13aa58,technology.discount,premium,220,220,high,low,10,dynadot,,,07/10/2026 22:38
40393cfe-90ec-4ecd-888b-5956941b5b8e,technology.life,resell,,,high,low,10,"Spaceship, Inc.",06/09/2020 11:24,06/09/2027 11:24,07/10/2026 22:38
7c10807a-bfa6-4f88-8fab-bcb09d52dcbd,technology.memorial,available,135.98,160.98,high,low,10,namecheap,,,07/10/2026 22:38
3cd29bc7-4d38-4a6a-a22a-ff237429078c,technology.lifestyle,premium,640,640,high,low,10,namesilo,,,07/10/2026 22:38
1ca0901c-68a6-47eb-9cca-45fad17d43fa,technology.ventures,resell,,,high,low,10,"GoDaddy.com, LLC",04/02/2014 04:58,04/02/2027 04:58,07/10/2026 22:38
2b6406b8-63d8-4b86-aec1-fe461cec9079,technology.hot,premium,640,640,high,low,10,namesilo,,,07/10/2026 22:38
b4719a1c-c0d4-4f6b-ae21-529662380853,technology.cooking,premium,88,26.97,high,low,10,dynadot,,,07/10/2026 22:38
9ac05c7d-6080-4417-b116-4b7ecafa4802,technology.vin,available,6.41,47.81,high,low,10,spaceship,,,07/10/2026 22:38
9d655ce0-ca61-48b1-83b6-bc0435889952,technology.theatre,available,509.99,529.99,high,low,10,namesilo,,,07/10/2026 22:38
9e73c966-a110-42ae-ba03-30ca7aa74408,technology.accountant,premium,640,77.35,high,low,10,namesilo,,,07/10/2026 22:38
f95d9a3f-e6c2-41fb-b3c0-f00f3b04eca2,technology.parts,premium,102.67,102.67,high,low,10,spaceship,,,07/10/2026 22:38
4fc8b90c-c204-41a5-a8c6-c806b0c8e243,technology.pw,premium,1375,2750,high,low,10,dynadot,,,07/10/2026 22:38
0b341698-47e1-4512-9df9-2bfcd858395b,technology.supplies,premium,78.54,78.54,high,low,10,namesilo,,,07/10/2026 22:38
83aca284-120e-4179-aff4-a7bc51de3bb3,technology.deals,premium,54.36,108.6,high,low,10,porkbun,,,07/10/2026 22:38
43b8ac03-ff6d-4dfa-bb74-f2293ee195a0,technology.film,premium,110,110,high,low,10,dynadot,,,07/10/2026 22:38
f5e63cf1-0d29-4223-9625-d2f954d5351e,technology.auto,available,1863.2,2064.2,high,low,10,spaceship,,,07/10/2026 22:38
51a40319-b1c6-43d2-83ca-392a29746e14,technology.you,premium,517.7,517.7,high,low,10,spaceship,,,07/10/2026 22:38
8e8c53ac-c729-486b-9089-b8e4aa5be52f,technology.mov,premium,64.93,64.93,high,low,10,porkbun,,,07/10/2026 22:38
c9e32b67-5806-40ea-88c6-60527d41cd80,technology.free,premium,517.7,517.7,high,low,10,spaceship,,,07/10/2026 22:38
b4972d05-a27d-4529-8bc2-5089dfcee04a,technology.cab,available,12.87,29.35,high,low,10,porkbun,,,07/10/2026 22:38
efe456b3-999c-4fa7-b404-aff003f05ef0,technology.gratis,available,23.99,23.99,high,low,10,namesilo,,,07/10/2026 22:38
72753fbf-d0c2-413b-8f12-b9d6ef062516,technology.biz,resell,,,high,low,10,"GoDaddy.com, LLC",02/06/2004 17:14,01/06/2027 23:59,07/10/2026 22:38
72ebf1df-48b7-49be-a4e9-bcd521651d75,technology.ski,premium,800.5,854,high,low,10,unstoppable,,,07/10/2026 22:38
17c9ff3e-6b68-43cf-9303-eb19f92825f8,technology.marketing,resell,,,high,low,10,Dynadot Inc,16/04/2014 16:00,16/04/2027 16:00,07/10/2026 22:38
dff093c3-8064-46d5-820a-9c098daa6e3f,technology.cheap,available,8.99,36.49,high,low,10,namesilo,,,07/10/2026 22:38
c969143b-b74b-4aea-8c76-52ef2c3949cd,technology.food,premium,640,640,high,low,10,namesilo,,,07/10/2026 22:38
ca628981-3015-49b9-b7d2-6b16fe3a8d28,technology.video,premium,1293.95,2587.7,high,low,10,spaceship,,,07/10/2026 22:38
960af77e-f911-4c4b-a550-fcbdad231589,technology.software,premium,512,512,high,low,10,namesilo,,,07/10/2026 22:38
b6ed53a5-c9c2-4a75-b6bf-26cb471ff7fc,technology.republican,available,7.25,7.25,high,low,10,namesilo,,,07/10/2026 22:38
f18818bc-017d-4ca2-90d6-043569a19f02,technology.band,premium,108.9,108.9,high,low,10,dynadot,,,07/10/2026 22:38
1be50f68-ec06-4c40-a503-b03e253ea6ac,technology.ltd,resell,,,high,low,10,Alibaba Cloud Computing Ltd. d/b/a HiChina (www.net.cn),21/06/2016 08:39,21/06/2027 08:39,07/10/2026 22:38
edefc854-d0fb-4cc5-b9b0-92cce5b121bc,technology.university,premium,72.6,72.6,high,low,10,dynadot,,,07/10/2026 22:38
9461d1e8-9c1a-4ffa-96f1-4cf33a96488b,technology.beauty,premium,672.95,672.95,high,low,10,spaceship,,,07/10/2026 22:38
066aa850-fc67-4840-b787-7de14f920215,technology.wine,available,9.99,59.99,high,low,10,namesilo,,,07/10/2026 22:38
ae1b4570-60dd-4335-be91-fdfaa3c710e9,technology.town,premium,68.51,68.51,high,low,10,spaceship,,,07/10/2026 22:38
e3d242d2-d34b-4ba6-b451-1763baa7f850,technology.clothing,available,26.08,26.08,high,low,10,spaceship,,,07/10/2026 22:38
35076bc7-183a-476a-a559-6df835a4e4c2,technology.game,available,309.99,429.99,high,low,10,namesilo,,,07/10/2026 22:38
09e26a23-79de-4114-a31a-e6db79ab8609,technology.condos,premium,260,260,high,low,10,namecheap,,,07/10/2026 22:38
a68fdef4-347b-49a1-b427-eabb92914d9d,technology.skin,premium,672.95,672.95,high,low,10,spaceship,,,07/10/2026 22:38
261c72f3-5355-4c5e-b11f-1a31d3bea748,technology.fast,premium,517.7,517.7,high,low,10,spaceship,,,07/10/2026 22:38
7f4f62cc-9476-49c9-bef1-481d737e4dc0,technology.associates,premium,200.5,207.2,high,low,10,unstoppable,,,07/10/2026 22:38
b180fbfc-835c-4d9a-b45b-b6f2daf4a8ee,technology.webcam,available,10.53,10.53,high,low,10,spaceship,,,07/10/2026 22:38
8f6d57a4-b4f5-4dce-8a29-96723a5e6515,technology.rich,available,94.99,1999,high,low,10,namesilo,,,07/10/2026 22:38
0608ed34-c465-4ff2-b91e-49870bdd5858,technology.cafe,resell,,,high,low,10,"Chengdu West Dimension Digital Technology Co., Ltd.",30/05/2023 15:15,30/05/2027 15:15,07/10/2026 22:38
c13b9c57-3134-4ec3-a036-303956da0d82,technology.dealer,premium,2140.22,2140.22,high,low,10,dynadot,,,07/10/2026 22:38
8970d3d8-68fa-43d3-bb89-634fe9cf328e,technology.link,premium,3622.7,3622.7,high,low,10,spaceship,,,07/10/2026 22:38
df881d48-7d4b-4ca0-af01-8316f94a1e66,technology.auction,premium,440,440,high,low,10,dynadot,,,07/10/2026 22:38
e9f30b2d-115d-4cf5-a16d-b4006e78ef9d,technology.realty,premium,3450,3450,high,low,10,namesilo,,,07/10/2026 22:38
4e81511d-ce3d-48bd-b3f8-bac55a7401b7,technology.lol,premium,715,715,high,low,10,dynadot,,,07/10/2026 22:38
f5ed4f23-6b83-4959-b35b-be4b631d2447,technology.recipes,available,8.99,77.99,high,low,10,namesilo,,,07/10/2026 22:38
0d33f47e-4f01-41b0-a822-90e45882b619,technology.deal,premium,517.7,517.7,high,low,10,spaceship,,,07/10/2026 22:38
434859cb-c586-443b-802c-a04de2f0774a,technology.rip,available,4.5,21.62,high,low,10,dynadot,,,07/10/2026 22:38
ec34e302-26ed-4d62-9e19-ff811e76a91d,technology.bio,premium,517.7,517.7,high,low,10,spaceship,,,07/10/2026 22:38
8268c4fa-a296-4a24-bfa7-3fac91230dfb,technology.luxe,premium,2660,17.7,high,low,10,namesilo,,,07/10/2026 22:38
707ffc77-b2a1-46cc-b8b2-b9232b6a8c1f,technology.jewelry,available,10.81,58.19,high,low,10,porkbun,,,07/10/2026 22:38
dae49ccd-e6e7-4a3c-94b8-12ad4dacbcd7,technology.global,premium,4000.5,53.92,high,low,10,unstoppable,,,07/10/2026 22:38
65cc8e65-d617-4c0b-b280-02a94ed86acf,technology.esq,premium,649.2,843.7,high,low,10,unstoppable,,,07/10/2026 22:38
aa42d8d7-5f14-4eff-9297-8007ea62913b,technology.actor,available,8.48,35.39,high,low,10,spaceship,,,07/10/2026 22:38
07fd7ab9-2a45-432c-a3b9-409047919305,technology.cruises,available,44.71,44.71,high,low,10,spaceship,,,07/10/2026 22:38
2f3dcad9-2a21-4256-b748-f26baa6c03fb,technology.family,premium,414.2,414.2,high,low,10,spaceship,,,07/10/2026 22:38
48d0f743-772d-459d-a4e0-670aca280499,technology.digital,resell,,,high,low,10,Dynadot Inc,26/09/2025 18:15,26/09/2027 18:15,07/10/2026 22:38
d5cda103-c27f-4e27-89f8-7e9d38a50ada,technology.pet,resell,,,high,low,10,"Spaceship, Inc.",12/09/2026 17:00,12/09/2027 17:00,07/10/2026 22:38
394649f1-d284-4d1b-b589-9c025e25c4fe,technology.bike,available,5.38,31.25,high,low,10,spaceship,,,07/10/2026 22:38
746bad67-ec61-4683-91e9-677f785a0e59,technology.rsvp,premium,516.67,516.67,high,low,10,spaceship,,,07/10/2026 22:38
86f35571-ae1b-4d27-adf9-b94ed0293a89,technology.financial,premium,118.8,118.8,high,low,10,namesilo,,,07/10/2026 22:38
1ffc2444-71da-48c5-b40a-d184fc85e2f9,technology.store,premium,647.08,2587.7,high,low,10,spaceship,,,07/10/2026 22:38
04d1c45b-c6d4-4004-a031-0fd3503991f2,technology.ngo,premium,3250,1625,high,low,10,namecheap,,,07/10/2026 22:38
23cb2b0d-8e94-46df-90bd-73210c6ac04b,technology.juegos,available,368.98,478.98,high,low,10,namecheap,,,07/10/2026 22:38
c4a4a8ef-0993-4e6e-87da-ac3187ae6784,technology.vana,available,2070.2,2070.2,high,low,10,spaceship,,,07/10/2026 22:38
689a651a-d775-4d20-92c1-567bcc4f5203,technology.cloud,premium,6900,6900,high,low,10,namesilo,,,07/10/2026 22:38
cb43bccd-2bd6-4fa2-986c-764692659866,technology.new,available,412.2,412.2,high,low,10,spaceship,,,07/10/2026 22:38
bafd2864-ea4d-4bc3-88ea-7093fc3c56d4,technology.creditcard,available,144.99,144.99,high,low,10,namesilo,,,07/10/2026 22:38
ca8f3d2c-5575-4fed-9527-b768130ee213,technology.storage,available,509.99,529.99,high,low,10,namesilo,,,07/10/2026 22:38
dff308b8-50c0-419e-a1bb-172084d92e58,technology.schule,available,22.97,22.97,high,low,10,spaceship,,,07/10/2026 22:38
28a13ca5-f85c-4217-b2e5-8ef00e02e57d,technology.markets,premium,1000.5,1300,high,low,10,unstoppable,,,07/10/2026 22:38
9e05f14c-254e-4028-8f74-1c04ddfdb542,technology.moi,available,25.99,25.99,high,low,10,namesilo,,,07/10/2026 22:38
bad16a71-adc7-4085-87b7-3dcc6d3cffa6,technology.loan,premium,640,77.35,high,low,10,namesilo,,,07/10/2026 22:38
7f929947-d1d7-442b-bcc3-be8fe3dbf519,technology.cam,premium,828.2,14.69,high,low,10,spaceship,,,07/10/2026 22:38
0b69e49a-f442-47bd-a744-4e711bc9ea7d,technology.credit,available,11,104.99,high,low,10,unstoppable,,,07/10/2026 22:38
94b890cd-d0aa-4486-aebe-cb4bbfd01111,technology.zip,premium,76.7,76.7,high,low,10,namecheap,,,07/10/2026 22:38
c0b617f0-60da-474c-a758-88769fe95b73,technology.audio,available,104.99,114.99,high,low,10,namesilo,,,07/10/2026 22:38
65598944-4a8a-45ba-bab6-f78c4399d7c4,technology.flowers,available,93.35,103.4,high,low,10,spaceship,,,07/10/2026 22:38
187bc964-655b-4c1c-b509-7e642dcd4c67,technology.rehab,premium,260,260,high,low,10,namecheap,,,07/10/2026 22:38
6d4a0b67-c9ac-4979-b6c2-1b9a4d610373,technology.lighting,available,23.99,23.99,high,low,10,namesilo,,,07/10/2026 22:38
f9e6360c-806e-4fa7-8d0e-4310b7d6dbc4,technology.florist,available,25.2,25.2,high,low,10,cloudflare,,,07/10/2026 22:38
e88a7f61-5e18-4e02-b747-c8ceb26ee451,technology.reise,available,77.83,77.83,high,low,10,spaceship,,,07/10/2026 22:38
2262b4c8-f82c-4d79-aeb0-d7688be971f1,technology.pub,resell,,,high,low,10,"Chengdu West Dimension Digital Technology Co., Ltd.",28/01/2018 02:35,28/01/2027 02:35,07/10/2026 22:38
0e276dd0-ff66-4961-a276-b6a015c78989,technology.protection,available,1999.99,2049.99,high,low,10,namesilo,,,07/10/2026 22:38
84fd4e15-869d-4a5d-8b96-4b521210f75c,technology.id,resell,,,high,low,10,PT Exabytes Network Indonesia,28/06/2018 00:41,28/06/2027 23:59,07/10/2026 22:38
605af222-8801-493e-8a9b-c105542b9745,technology.tienda,available,46.2,46.2,high,low,10,cloudflare,,,07/10/2026 22:38
c3d89880-3637-4965-9ff3-7bf5e8682acf,technology.diet,available,104.99,114.99,high,low,10,namesilo,,,07/10/2026 22:38
c4c1abbd-b330-4062-b7eb-7dcca39ad7b7,technology.pink,available,5.89,20.9,high,low,10,spaceship,,,07/10/2026 22:38
3d09c796-fbb9-40da-9172-0d99875f5a7a,technology.tickets,available,326.21,388.33,high,low,10,spaceship,,,07/10/2026 22:38
249a39f2-1b02-4b2a-a697-7c97802debb8,technology.fitness,premium,220,220,high,low,10,dynadot,,,07/10/2026 22:38
5daec17f-87b7-4930-bb0b-b8e445f5a3ff,technology.furniture,available,20.9,82.76,high,low,10,spaceship,,,07/10/2026 22:38
cfae5068-3abb-4f36-b4bf-876a2448000a,technology.locker,premium,6500,39,high,low,10,namecheap,,,07/10/2026 22:38
ff7355dd-a28d-4365-8049-53fff70f7b62,technology.sbs,premium,68.43,147.2,high,low,10,namesilo,,,07/10/2026 22:38
a4d18501-69fd-4f2f-aed7-9877253ed8cc,technology.sexy,available,2749.99,2749.99,high,low,10,namesilo,,,07/10/2026 22:38
041d8fa8-24d1-4179-9c7a-50d45658932e,technology.viajes,available,99.99,99.99,high,low,10,namesilo,,,07/10/2026 22:38
107bbcfb-9642-486c-b310-b5c57b02f109,technology.casino,available,6.41,129.58,high,low,10,spaceship,,,07/10/2026 22:38
d69a46b8-cb60-4b72-91c1-b11c3146e28e,technology.cool,premium,440,440,high,low,10,dynadot,,,07/10/2026 22:38
ea1c38ab-fa30-4c07-9322-6e1d45ac1855,technology.cash,premium,99.5,118.8,high,low,10,unstoppable,,,07/10/2026 22:38
6d548f1b-685b-4a0c-b6ac-e5ebee4e917e,technology.fit,premium,880,26.97,high,low,10,dynadot,,,07/10/2026 22:38
501ea821-21e2-448b-8310-e229b4524126,technology.meme,premium,93.35,93.35,high,low,10,spaceship,,,07/10/2026 22:38
0ef7329d-fd44-45da-bac1-65cd920c5285,technology.ryukyu,available,17.98,22.98,high,low,10,namecheap,,,07/10/2026 22:38
03850819-a244-47c5-a37c-a6611bb5d842,technology.page,premium,638.72,638.72,high,low,10,namesilo,,,07/10/2026 22:38
ddfef516-721c-498c-982f-a7a6f810a0a1,technology.network,resell,,,high,low,10,Dynadot Inc,03/05/2018 02:33,03/05/2027 02:33,07/10/2026 22:38
cd04f1ff-00ca-423e-86b8-e5151ba8f324,technology.apartments,available,45.74,45.74,high,low,10,spaceship,,,07/10/2026 22:38
566005eb-dc90-4938-ac2b-fe7981216a77,technology.land,premium,54.36,108.6,high,low,10,porkbun,,,07/10/2026 22:38
ab3ed92a-9d90-4a1d-bdc3-c696994751d5,tech.computer,resell,,,high,medium,4,"NameCheap, Inc.",26/05/2022 20:33,26/05/2027 20:33,07/10/2026 15:09
48002019-4e68-4c4f-a020-bb03ed6f26a0,technology.download,premium,5175.2,103.7,high,low,10,spaceship,,,07/10/2026 22:38
a1973798-55ee-483c-af0f-ffc6a8686299,technology.hair,premium,832,832,high,low,10,namesilo,,,07/10/2026 22:38
3408d465-dbd5-412d-b8b0-0fe5288656de,technology.spot,premium,550,550,high,low,10,dynadot,,,07/10/2026 22:38
f5f9cbdf-8655-4d00-8956-1ce252ac83c2,technology.airforce,available,80.2,80.2,high,low,10,cloudflare,,,07/10/2026 22:38
5b8cf7bb-c46a-425e-9f7d-55a4722ffc35,technology.security,available,1999.99,2049.99,high,low,10,namesilo,,,07/10/2026 22:38
99edcc27-31ca-47ad-a213-859a348e98e6,technology.farm,resell,,,high,low,10,"GoDaddy.com, LLC",11/12/2024 14:54,11/12/2026 14:54,07/10/2026 22:38
d8a9b3db-3e90-489f-b99a-3a750b8a2a11,technology.mom,premium,832,832,high,low,10,namesilo,,,07/10/2026 22:38
88ad8c02-75a9-4185-96bc-99e161d75c57,technology.place,available,22.49,22.49,high,low,10,namesilo,,,07/10/2026 22:38
196db482-b72d-4dc6-9bd3-0642a3abce86,technology.site,premium,1293.95,5175.2,high,low,10,spaceship,,,07/10/2026 22:38
5f30c464-c188-421f-be6a-c36f1acec6cc,technology.tennis,available,89.99,89.99,high,low,10,namesilo,,,07/10/2026 22:38
7c10c8d5-c4dd-4a9a-acf4-6be38323e88e,technology.flights,premium,260,260,high,low,10,namecheap,,,07/10/2026 22:38
99f0245b-9411-4177-b16f-18c279c5c578,technology.limo,available,42.2,42.2,high,low,10,cloudflare,,,07/10/2026 22:38
3d5c7c0f-6fea-414b-82e5-536b55f6883a,technology.cyou,resell,,,high,low,10,Dynadot Inc,23/01/2026 01:47,23/01/2027 23:59,07/10/2026 22:38
52ebd963-1bbf-44a5-b58e-1885bba02675,technology.press,premium,1995,1995,high,low,10,namesilo,,,07/10/2026 22:38
6030a5e3-6402-45bc-b7a7-759bb297a25d,innovation.tech,premium,5000.2,6900,high,medium,10,unstoppable,,,07/10/2026 14:54
cc8c2468-7d48-46f9-8a30-80570e6eb8fc,tech.foo,premium,1034.17,1034.17,high,medium,4,spaceship,,,07/10/2026 15:09
8cc48283-0a66-4ab4-a49b-7c82e2bdb657,technology.bar,premium,576,576,high,low,10,namesilo,,,07/10/2026 22:38
703b7622-c697-4b09-b8aa-dd1f7830de94,technology.reisen,available,3.99,20.99,high,low,10,namesilo,,,07/10/2026 22:38
78f1913a-cc4f-4072-8715-67e0c06270d5,technology.gay,resell,,,high,low,10,"GoDaddy.com, LLC",01/06/2023 14:34,01/06/2027 14:34,07/10/2026 22:38
79f227fe-0ffb-48e0-9360-80bb7e62750a,technology.poker,available,5.38,54.02,high,low,10,spaceship,,,07/10/2026 22:38
019a161a-dbc1-4513-9b83-f555058effaf,technology.futbol,available,5.66,5.66,high,low,10,porkbun,,,07/10/2026 22:38
5ba6efad-4bc4-4e35-a5d0-eb6c7e38ed54,technology.kaufen,available,5.99,26.99,high,low,10,namesilo,,,07/10/2026 22:38
5d4ea070-2b86-471d-9758-fb1d956efc69,technology.gives,available,14.99,23.99,high,low,10,namesilo,,,07/10/2026 22:38
64febc1d-167d-4c23-a9aa-5cffaf6c9876,technology.church,resell,,,high,low,10,"Name.com, Inc.",01/06/2020 15:26,01/06/2027 15:26,07/10/2026 22:38
2cdca74c-e58a-466d-b1b6-f0e6d776716e,technology.international,resell,,,high,low,10,Dynadot Inc,02/07/2020 23:18,02/07/2027 23:18,07/10/2026 22:38
4414f220-c8af-40af-ba5d-693c8d6aa3bd,technology.voting,available,978.6,978.6,high,low,10,dynadot,,,07/10/2026 22:38
124f29a5-f50d-4f5b-a7ad-9260364de900,technology.build,premium,1552.7,1552.7,high,low,10,spaceship,,,07/10/2026 22:38
e942fcff-0754-449f-92d9-0470e5cb115d,technology.study,premium,6900,6900,high,low,10,namesilo,,,07/10/2026 22:38
c90052aa-731d-4900-b150-f8a83cdcdaff,technology.diamonds,available,43.67,43.67,high,low,10,spaceship,,,07/10/2026 22:38
6087d589-5a36-4130-b25f-ee06922b7404,technology.qpon,premium,3450,23.54,high,low,10,namesilo,,,07/10/2026 22:38
72142ff9-4463-4c71-964d-2eeeed668ffc,technology.boston,premium,,,high,low,10,,,,07/10/2026 22:38
c946538b-ee51-45fe-9697-4c3ab8138352,technology.holdings,premium,260,260,high,low,10,namecheap,,,07/10/2026 22:38
2ecae870-5559-409d-a9a4-65d8a84af30f,technology.healthcare,premium,207.2,207.2,high,low,10,spaceship,,,07/10/2026 22:38
51f6150f-dee6-4e82-8223-b1278c98dc02,technology.capital,premium,68.51,68.51,high,low,10,spaceship,,,07/10/2026 22:38
2e91fcf2-ef1f-42c6-8f63-23c5f1812bc4,technology.moda,available,32.2,32.2,high,low,10,cloudflare,,,07/10/2026 22:38
ad7c9feb-f40d-4b52-93e4-0e44a7bd874a,technology.com,resell,,,high,low,10,Dynadot Inc,13/12/1994 05:00,12/12/2032 05:00,07/10/2026 22:38
12d5274c-5617-4318-89ba-00eb75edb533,technology.domains,premium,207.2,207.2,high,low,10,spaceship,,,07/10/2026 22:38
92d3a58f-90f5-443d-8df8-cc6800115711,technology.shiksha,premium,621.2,621.2,high,low,10,spaceship,,,07/10/2026 22:38
9ea88f2f-72b0-4776-9cce-215d077d6ebf,tech.mx,resell,,,high,medium,4,SEO Domains EOOD,14/04/2026 00:00,14/04/2027 00:00,07/10/2026 15:09
2ac43326-f067-4715-9298-b49d3f1153a2,technology.love,premium,5520,5520,high,low,10,namesilo,,,07/10/2026 22:38
9034b19e-75cf-4c4e-8ad9-184d8fc998ad,technology.villas,premium,102.67,102.67,high,low,10,spaceship,,,07/10/2026 22:38
309f2959-5f2d-418c-a6b0-ba7b213592e2,software.ninja,premium,512,512,high,medium,8,namesilo,,,08/10/2026 02:38
f8f93e47-f75b-445e-b981-812ac114715d,technology.vacations,premium,207.2,207.2,high,low,10,spaceship,,,07/10/2026 22:38
4f637cbb-eda9-43fa-b641-7c41f7235969,technology.rent,premium,640,640,high,low,10,namesilo,,,07/10/2026 22:38
76db898a-f972-4bc1-b950-1fec07f61a5d,technology.talk,premium,517.7,517.7,high,low,10,spaceship,,,07/10/2026 22:38
8ac2b0ee-5cbd-4d79-a00f-da4dcb8d98f9,tech.technology,premium,828.2,828.2,high,medium,4,spaceship,,,07/10/2026 15:09
15bb787a-5ad8-4f6c-bf25-c55b89245588,tech.hosting,available,279.65,341.75,high,medium,4,spaceship,,,07/10/2026 15:09
40f9323a-e4aa-4e5c-bdea-b65c25050f0f,software.foo,premium,133.72,133.72,high,medium,8,spaceship,,,08/10/2026 02:38
b53a4554-a00b-4b5c-9fc9-740b37c7ec06,technology.movie,available,36.56,309.47,high,low,10,porkbun,,,07/10/2026 22:38
0631f799-beeb-40c4-ad81-5ce5bb1f143b,technology.fun,premium,3450,3450,high,low,10,namesilo,,,07/10/2026 22:38
644a779f-5cd7-440e-960d-11dfb4a2eced,tech.forex,premium,,,high,medium,4,"Key-Systems, LLC",21/08/2020 13:33,21/08/2030 23:59,07/10/2026 15:09
e9287129-2939-41d5-82de-0bde773c8e9c,technology.rest,premium,576,576,high,low,10,namesilo,,,07/10/2026 22:38
4ec4b14a-a3ce-42d7-b62c-90fb7cc7f13e,software.space,premium,2587.7,10350.2,high,medium,8,spaceship,,,08/10/2026 02:38
0d959e09-6ccc-47b6-8f0f-296ba8d2a765,technology.diy,premium,455,650,high,low,10,namecheap,,,07/10/2026 22:38
0efa2611-df4c-45f1-8446-aac10c5f3072,technology.hosting,available,300.2,300.2,high,low,10,cloudflare,,,07/10/2026 22:38
393a6e90-0333-47e9-8d00-e663ddfcb668,technology.dad,premium,516.67,516.67,high,low,10,spaceship,,,07/10/2026 22:38
e20e6211-968a-4487-b635-dff4c01e613e,tech.ski,premium,828.2,828.2,high,medium,4,spaceship,,,07/10/2026 15:09
71bedb57-4e23-4709-9cef-ddd998caca36,tech.channel,premium,1298.7,1298.7,high,medium,4,namecheap,,,07/10/2026 15:09
9e8ae662-de1e-4d4b-b16a-803637f101c6,technology.tires,available,72.44,72.44,high,low,10,spaceship,,,07/10/2026 22:38
042b8688-4ccc-4671-9e79-90478c78d424,tech.poker,resell,,,high,medium,4,"Xiamen ChinaSource Internet Service Co., Ltd",14/12/2025 15:15,14/12/2026 15:15,07/10/2026 15:09
b40ee848-5b37-41e0-8eee-501b00c31b8c,tech.college,premium,10350.2,10350.2,high,medium,4,spaceship,,,07/10/2026 15:09
5b724833-8351-42ca-a9ab-34289e7761cc,tech.host,premium,2587.7,5175.2,high,medium,4,spaceship,,,07/10/2026 15:09
f8f2f2ab-b285-4cb6-9649-1dd3dc075173,tech.engineer,premium,1035.2,1035.2,high,medium,4,spaceship,,,07/10/2026 15:09
9ff00279-d69b-4f8e-8db9-d1a7a2166a3f,tech.tennis,available,51.95,51.95,high,medium,4,spaceship,,,07/10/2026 15:09
f19c0929-8f0e-4bce-a835-960043657268,technology.productions,premium,128.7,128.7,high,low,10,namecheap,,,07/10/2026 22:38
aa55f926-e1e6-4c5d-9e9e-018ca227cb51,technology.art,premium,3450,83.3,high,low,10,namesilo,,,07/10/2026 22:38
344ac966-d442-4e4f-b16a-279050d86c16,technology.ong,premium,2750,1375,high,low,10,dynadot,,,07/10/2026 22:38
572d2e85-50d9-4de0-859e-3dd92534b991,tech.photography,available,6.41,29.18,high,medium,4,spaceship,,,07/10/2026 15:09
328e6c56-94e5-4426-9f49-2f5964f70607,software.tickets,available,359.99,488.88,high,medium,8,namesilo,,,08/10/2026 02:38
f07b431a-8920-4c52-b2c7-112d9247f111,technology.desi,available,19.98,22.98,high,low,10,namecheap,,,02/10/2026 16:11
f2742127-4d07-4650-8865-f4fed812a2c4,tech.bar,premium,3260.45,4657.7,high,medium,4,spaceship,,,07/10/2026 15:09
ee914317-4f04-4679-aa8c-9e357982f4bd,tech.republican,available,5.38,26,high,medium,4,spaceship,,,07/10/2026 15:09
14144f8e-acbc-48b3-b602-2386a21370fc,technology.channel,premium,516.67,516.67,high,low,10,spaceship,,,07/10/2026 22:38
5570b6bf-d0f6-4fe3-b0af-2492caf48c64,data.build,premium,,,high,medium,4,,,,07/10/2026 07:43
905e5bb5-d870-47c3-ba6f-b57b970ae0ce,technology.me,resell,,,high,low,10,"GoDaddy.com, LLC",29/04/2008 18:03,29/04/2027 18:03,07/10/2026 22:38
687acd23-c8f0-44b9-bd8e-8cea2108fe93,technology.company,resell,,,high,low,10,"GoDaddy.com, LLC",24/06/2015 16:00,24/06/2027 16:00,07/10/2026 22:38
920c7202-643c-4f5c-8257-7a130e72fece,software.social,premium,207.2,207.2,high,medium,8,spaceship,,,08/10/2026 02:38
7298e829-efca-47fd-848b-1ffb413ca3f4,tech.spot,premium,2587.7,2587.7,high,medium,4,spaceship,,,07/10/2026 15:09
e2e8b9e1-adb4-4a66-a803-1e8e3c847d7f,tech.llc,premium,2660,2660,high,medium,4,namesilo,,,07/10/2026 15:09
374ebc0d-94bc-4d8f-909b-706b96d9e0fb,technology.hospital,available,44.2,44.2,high,low,10,cloudflare,,,07/10/2026 22:38
508c6767-3016-446b-8e9b-6903ca99181a,data.ltd,resell,,,high,medium,4,Alibaba Cloud Computing Ltd. d/b/a HiChina (www.net.cn),19/06/2016 16:00,19/06/2031 16:00,07/10/2026 07:43
451cb813-baac-4a0b-a797-6c26ccd52665,technology.immobilien,available,37.99,37.99,high,low,10,namesilo,,,07/10/2026 22:38
e4a6f24c-0bcd-4a69-b9b7-d93cb81a76b7,tech.page,premium,1034.17,1034.17,high,medium,4,spaceship,,,07/10/2026 15:09
a6a59f57-d0c6-45bf-98f3-72ba44e98eb4,tech.exposed,premium,207.2,207.2,high,medium,4,spaceship,,,07/10/2026 15:09
d15a015e-c5cb-43e7-99fb-4301e99e3f3e,software.storage,available,509.99,529.99,high,medium,8,namesilo,,,08/10/2026 02:38
180e6a8d-ee7d-4273-9e43-08f0587d2c9b,software.voyage,available,46.78,46.78,high,medium,8,spaceship,,,08/10/2026 02:38
35d57826-58ca-4b77-98e3-928c942cfdcf,technology.fan,premium,102.67,102.67,high,low,10,spaceship,,,07/10/2026 22:38
d9b4c101-5f92-4f1a-ba89-5558da29aa3a,data.design,resell,,,high,medium,4,Sav.com LLC,08/04/2024 09:17,08/04/2027 09:17,07/10/2026 07:43
720aad22-e7e5-46e2-89a4-e3b6ab1ee0da,technology.design,premium,250.5,258.95,high,low,10,unstoppable,,,07/10/2026 22:38
06682905-c8b0-45bd-9f30-3a19d58f998f,software.cloud,premium,27600,27600,high,medium,8,namesilo,,,08/10/2026 02:38
97d36b3b-8bc2-45a9-a464-e5d0e8ab3990,technology.live,premium,1293.95,2587.7,high,low,10,spaceship,,,07/10/2026 22:38
4dfae65b-805b-4ec4-8c6e-4df9dca04cc2,tech.dentist,premium,414.2,414.2,high,medium,4,spaceship,,,07/10/2026 15:09
f69eb1a8-721c-43e0-809c-1a2607582fb6,technology.pictures,available,8.24,14.13,high,low,10,dynadot,,,07/10/2026 22:38
4c3af9e4-effa-41a3-a572-998b1b29d547,technology.barcelona,available,25.04,25.04,high,low,10,spaceship,,,07/10/2026 22:38
2b4d9dd8-0ab1-48d3-a5e7-0e6dd27c7f69,tech.icu,resell,,,high,medium,4,"Spaceship, Inc.",25/12/2021 19:51,25/12/2030 23:59,07/10/2026 15:09
144c087d-6ce9-4156-8ef4-7de4ec2ff7dc,tech.moe,premium,550,13.06,high,medium,4,dynadot,,,07/10/2026 15:09
94d7c2c6-033c-496c-b98b-ba81c1e31fc4,data.rehab,premium,242,242,high,medium,4,namesilo,,,07/10/2026 07:43
de9c709c-f3a0-454a-a85a-8445e08dc66a,software.bargains,premium,242,242,high,medium,8,namesilo,,,08/10/2026 02:38
d264a23c-6ca3-4daf-881e-e6d00f3d24b1,software.sucks,premium,2658.67,2658.67,high,medium,8,namesilo,,,08/10/2026 02:38
accb77b4-1cc0-4176-9217-87739955271e,technology.fail,premium,260,260,high,low,10,namecheap,,,07/10/2026 22:38
b62b6b08-8a86-4b66-a4c6-dd5ea8251394,software.rentals,premium,108.9,108.9,high,medium,8,dynadot,,,08/10/2026 02:38
e30ba31d-cdfc-4bbb-902a-90393c3c3959,data.tv,resell,,,high,medium,4,"GoDaddy.com, LLC",07/04/2010 12:31,07/04/2027 12:31,07/10/2026 07:43
4b65a012-6700-46cf-8ce2-dcdab1ac766a,data.chat,resell,,,high,medium,4,"Global Domains International, Inc. DBA DomainCostClub.com",19/08/2026 15:15,19/08/2027 15:15,07/10/2026 07:43
c6e409a0-66a6-494f-af3d-97e3adf55ef6,software.dad,premium,648.7,648.7,high,medium,8,namecheap,,,08/10/2026 02:38
e4ad86ec-7d1f-4f21-a49b-220918dd1bf3,data.credit,resell,,,high,medium,4,"Sav.com, LLC - 48",30/06/2024 17:00,30/06/2027 17:00,07/10/2026 07:43
8cca2efe-cbeb-4df2-a2ab-869644d4ab5d,tech.theatre,available,465.95,500.18,high,medium,4,spaceship,,,07/10/2026 15:09
014594b8-9f2c-4d96-9bf5-a53b39c0a772,technology.ing,premium,650.2,672.95,high,low,10,unstoppable,,,07/10/2026 22:38
948338e6-a991-4fd5-8058-30047ad4037d,software.cheap,premium,400.5,414.2,high,medium,8,unstoppable,,,08/10/2026 02:38
0115f715-f7be-4a7d-b988-19248be7737f,software.church,premium,72.6,72.6,high,medium,8,dynadot,,,08/10/2026 02:38
0c55a734-e193-456c-8cfc-8e4a900dd61e,technology.coffee,available,16.99,42.99,high,low,10,namesilo,,,07/10/2026 22:38
186544e1-ed48-457a-a595-1526fc274a12,tech.vana,available,2070.2,2070.2,high,medium,4,spaceship,,,07/10/2026 15:09
13163b78-266b-478c-b2df-3d6a91a6a158,technology.men,premium,362.45,51.95,high,low,10,spaceship,,,07/10/2026 22:38
99bee038-296e-4fdf-b238-f44630c2d1e4,software.theatre,available,515.45,515.45,high,medium,8,porkbun,,,08/10/2026 02:38
a41fef63-05f1-48a5-b44c-6bd672ed35a1,technology.democrat,available,7.25,7.25,high,low,10,namesilo,,,07/10/2026 22:38
4552ccb3-1dcd-4fd2-908f-4f62e74bcaf5,technology.rodeo,available,10.92,10.92,high,low,10,dynadot,,,07/10/2026 22:38
c46f2f4a-7b94-4993-a65d-b165245c30f5,tech.phd,premium,1344.67,1344.67,high,medium,4,spaceship,,,07/10/2026 15:09
33204e5f-faac-4020-9f7e-863065e55d2f,technology.dating,available,20.99,64.99,high,low,10,namesilo,,,07/10/2026 22:38
91e6ca2d-54b5-4cff-b546-acb8627dca6f,technology.space,premium,10000.2,13800,high,low,10,unstoppable,,,07/10/2026 22:38
d8872186-1cf4-41de-99be-0234e20b3749,tech.loan,premium,2587.7,103.7,high,medium,4,spaceship,,,07/10/2026 15:09
8467d93e-bd74-4c08-bc14-791209790703,software.christmas,available,31.41,31.41,high,medium,8,porkbun,,,08/10/2026 02:38
cec124c1-1605-4f21-ae8f-365737f6d66b,technology.faith,premium,6900,116,high,low,10,namesilo,,,07/10/2026 22:38
31898edf-2161-49ce-ba35-281a1c94f6fd,technology.games,premium,242,242,high,low,10,namesilo,,,07/10/2026 22:38
7ff3a7cd-858f-4051-ac98-fc094381ef4c,technology.bot,premium,3450,3450,high,low,10,namesilo,,,07/10/2026 22:38
281b788c-8104-4cec-85a7-6c3ab2f3ec66,technology.voto,available,10.55,55.93,high,low,10,spaceship,,,07/10/2026 22:38
04f913c5-e84e-493f-bd54-b50cfe72cfd3,tech.soccer,available,20.9,20.9,high,medium,4,spaceship,,,07/10/2026 15:09
2e7ea9e9-a578-4b8d-8c50-fdd79883fbdf,engineering.technology,premium,,,high,low,11,,,,07/10/2026 19:10
98c2fb80-da8f-45fa-997a-52524c4c0765,technology.degree,premium,1300,1300,high,low,10,namecheap,,,07/10/2026 22:38
bf247ba2-ea2e-48d8-8166-29163185ce2a,technology.forsale,premium,400.5,414.2,high,low,10,unstoppable,,,07/10/2026 22:38
9bcedeca-4426-47f2-a107-d9b350e8b73c,tech.cyou,premium,310.7,621.2,high,medium,4,spaceship,,,07/10/2026 15:09
9d22e2a3-b16b-489a-8e4c-4c125a16dfbd,tech.fund,premium,1040,1040,high,medium,4,namecheap,,,07/10/2026 15:09
e6d4a77a-d4ab-4d01-995a-0068fdfbe971,tech.party,premium,3450,116,high,medium,4,namesilo,,,07/10/2026 15:09
6c8e6652-216c-4d6d-b82f-42d8f1083d19,technology.host,premium,640,640,high,low,10,namesilo,,,07/10/2026 22:38
0708fc4a-573e-41ce-ae69-5598722d9383,data.watch,resell,,,high,medium,4,"GoDaddy.com, LLC",12/07/2018 14:56,12/07/2027 14:56,07/10/2026 07:43
54334d37-54f7-4e28-a08e-21016cdf5a5a,tech.builders,resell,,,high,medium,4,"Spaceship, Inc.",27/01/2024 15:15,27/01/2027 15:15,07/10/2026 15:09
28184c07-9954-4753-b64e-c2876e2891ab,software.melbourne,premium,382.91,382.91,high,medium,8,dynadot,,,08/10/2026 02:38
56b63865-d613-41f8-8637-7ec31a51fdcf,software.link,resell,,,high,medium,8,"Dynadot, LLC",30/09/2020 06:02,30/09/2027 06:02,08/10/2026 02:38
12f7b7ea-4ac5-4ca1-9547-bdcc71d7c0c5,software.show,available,34.2,34.2,high,medium,8,cloudflare,,,08/10/2026 02:38
5642fa2a-e2f0-4c65-9c8d-0c68971f4945,technology.business,resell,,,high,low,10,"Spaceship, Inc.",28/02/2021 05:28,28/02/2027 05:28,07/10/2026 22:38
24d0d35d-73bb-44df-868e-9efbd0b9c86d,technology.vet,premium,118.8,118.8,high,low,10,namesilo,,,07/10/2026 22:38
4d31989c-c31b-45e9-9aaf-39a7216ca1cb,software.icu,premium,384,768,high,medium,8,namesilo,,,08/10/2026 02:38
1a56ad33-3798-437e-bd8e-54bc1def97cb,software.work,resell,,,high,medium,8,West263 International Limited,25/03/2020 20:42,25/03/2028 20:42,08/10/2026 02:38
0bda1dcb-81da-4884-bad4-3490681737ef,software.singles,available,7.21,27.29,high,medium,8,porkbun,,,08/10/2026 02:38
7f5c6248-989a-474f-86ee-56c5fb38d254,software.tech,premium,6468.95,25875.2,high,medium,8,spaceship,,,08/10/2026 02:38
8f53c9dc-6064-4b43-9253-8188e4348c63,data.mov,premium,516.67,516.67,high,medium,4,spaceship,,,07/10/2026 07:43
df851e9e-9935-46b0-bb96-798472c9bf07,technology.blog,premium,517.7,2070.2,high,low,10,spaceship,,,07/10/2026 22:38
3498c086-f149-46a9-b767-ca22de398769,data.theatre,available,535.22,535.22,high,medium,4,dynadot,,,07/10/2026 07:43
18707375-2e7d-4d3f-bea6-8767be77332a,data.esq,resell,,,high,medium,4,"GoDaddy.com, LLC",12/05/2023 03:13,12/05/2028 03:13,07/10/2026 07:43
14e67ed9-11ab-47e3-b639-a817d2ad2749,software.study,premium,51.95,51.95,high,medium,8,spaceship,,,08/10/2026 02:38
d6550f4e-e1d9-4634-bec7-c1b4e1ff1648,software.foundation,premium,260,260,high,medium,8,namecheap,,,08/10/2026 02:38
1f620e01-7d61-4948-8520-75f694fe8b15,technology.properties,premium,242,242,high,low,10,namesilo,,,07/10/2026 22:38
1b6989c7-6c88-4544-81fa-ca5f7b6f1e57,technology.fishing,premium,83,26.08,high,low,10,spaceship,,,07/10/2026 22:38
4a9fbd2b-fe1a-4654-ace5-11ee07300c18,tech.immobilien,available,41.48,45.48,high,medium,4,namecheap,,,07/10/2026 15:09
e9b95a5d-02ac-49bd-b192-ca74b4e5eccb,data.shoes,available,31.25,51.95,high,medium,4,spaceship,,,07/10/2026 07:43
4173edd1-372a-4c26-9b4e-98a826d2fa68,technology.cleaning,premium,102.67,102.67,high,low,10,spaceship,,,07/10/2026 22:38
12637c3a-6941-4b94-8246-1c55320c8ab7,technology.tv,resell,,,high,low,10,Dynadot Inc,08/06/2007 08:01,08/06/2027 08:01,07/10/2026 22:38
bed1dda1-4c05-4466-a4d7-0f285c93451f,innovation.financial,premium,102.67,102.67,high,medium,10,spaceship,,,07/10/2026 14:54
16929295-e215-43ef-9cdb-2c5e12492ab8,software.you,premium,1035.2,1035.2,high,medium,8,spaceship,,,08/10/2026 02:38
3e8fe5b9-b745-4088-8f50-88b65737e332,technology.racing,premium,103.7,103.7,high,low,10,spaceship,,,07/10/2026 22:38
9337d897-c894-462b-b2b8-ba23c08f90b7,tech.auction,premium,414.2,414.2,high,medium,4,spaceship,,,07/10/2026 15:09
70fce0e8-4580-44b8-97f0-9ad33d32df06,technology.uno,premium,2750,5500,high,low,10,dynadot,,,07/10/2026 22:38
a31cf386-6ba4-4a54-b11d-d2d3b27f20b2,software.love,premium,2898.2,4140.2,high,medium,8,spaceship,,,08/10/2026 02:38
5c3fbe5a-4304-4fba-9933-09498377be36,technology.fyi,resell,,,high,low,10,"GoDaddy.com, LLC",04/08/2023 04:38,04/08/2027 04:38,07/10/2026 22:38
c2bff7b1-514a-4270-991d-3350fd10b93c,technology.hamburg,available,69.98,73.98,high,low,10,namecheap,,,07/10/2026 22:38
95bc4a66-b5ad-4acf-9b60-687127b17e5c,technology.car,available,1999.99,2199,high,low,10,namesilo,,,07/10/2026 22:38
c5d95455-ba4b-458b-91cf-5a4c5ed07957,software.holdings,premium,118.8,118.8,high,medium,8,namesilo,,,08/10/2026 02:38
590bed86-6bc7-4eb6-8282-e8c68b3ba84c,data.camp,resell,,,high,medium,4,Dynadot Inc,19/06/2021 13:06,19/06/2027 13:06,07/10/2026 07:43
d67285cf-c64e-4788-85e5-a79d8fab2f84,network.tech,premium,2587.7,10350.2,high,medium,7,spaceship,,,06/10/2026 16:52
5ea04db8-24a8-49d0-8166-1c53b1292e87,tech.estate,resell,,,high,medium,4,"GoDaddy.com, LLC",29/05/2019 17:56,29/05/2027 17:56,07/10/2026 15:09
a21b3f1e-99e7-44ff-a6d3-0da2535a7a4c,technology.living,premium,455,650,high,low,10,namecheap,,,07/10/2026 22:38
3cb20638-8438-4ace-bf40-2dbe7e9483f9,technology.cfd,premium,63.3,126.07,high,low,10,porkbun,,,07/10/2026 22:38
b2dc3bcb-2136-4ac8-ad19-1152d7a3476e,data.vacations,available,31.25,31.25,high,medium,4,spaceship,,,07/10/2026 07:43
9b03b8c3-6028-45dc-a7a7-7b04999c05e3,technology.click,premium,110,110,high,low,10,dynadot,,,07/10/2026 22:38
18c3c5a5-c80f-49d2-bdbb-bd6436fcf14c,software.uno,premium,5175.2,5175.2,high,medium,8,spaceship,,,08/10/2026 02:38
3615a0f0-b517-4ba8-a96c-7bceefac0d44,software.deal,premium,650,650,high,medium,8,namecheap,,,08/10/2026 02:38
8611597d-6126-4f86-9869-d8adb6675517,data.surgery,premium,207.2,207.2,high,medium,4,spaceship,,,07/10/2026 07:43
f0cf1666-8723-4223-bf08-ddbde8864abf,technology.inc,premium,2061.5,2660,high,low,10,namesilo,,,07/10/2026 22:38
787c41a2-8edb-4db7-b665-1b20217ebeb6,data.singles,resell,,,high,medium,4,"GoDaddy.com, LLC",28/03/2026 18:38,28/03/2027 18:38,07/10/2026 07:43
2f0cc6bc-4837-470b-b5a3-12767e3e97da,software.exposed,premium,207.2,207.2,high,medium,8,spaceship,,,08/10/2026 02:38
e2c8dbeb-208f-4aff-81a7-00c33bb3bdb4,technology.kim,available,5.98,32.98,high,low,10,namecheap,,,07/10/2026 22:38
d7bd1c51-0b82-4c3b-8258-a46c327733d0,hardware.tech,premium,1293.95,5175.2,high,low,8,spaceship,,,06/10/2026 19:35
1e38a0dc-e5a7-4a34-878c-be050b52aab7,technology.lease,premium,102.67,102.67,high,low,10,spaceship,,,07/10/2026 22:38
4df41836-5381-4f45-9569-72cc841c6d5f,tech.house,resell,,,high,medium,4,Dynadot Inc,05/08/2015 16:00,05/08/2028 16:00,07/10/2026 15:09
d3dd7217-b827-4d0a-a7f2-4baabd0be587,tech.shop,premium,13800,13800,high,medium,4,namesilo,,,07/10/2026 15:09
5f61bb56-754a-46e4-8d47-4adc1b7b4dfe,software.democrat,available,25.2,25.2,high,medium,8,cloudflare,,,08/10/2026 02:38
78728bc2-2e70-4b72-b1a5-43e853647ca4,data.dog,resell,,,high,medium,4,NETIM SAS,16/08/2015 16:00,16/08/2027 16:00,07/10/2026 07:43
70a8a079-970f-4ffe-b418-a08a9a96a6de,software.buzz,premium,1092.18,218.86,high,medium,8,porkbun,,,08/10/2026 02:38
4dc7bbcb-d2c2-402e-b560-f633f5887b14,tech.futbol,available,5.98,8.48,high,medium,4,namecheap,,,07/10/2026 15:09
484bb4ca-c400-4aee-905c-8a049d1b7b0c,data.dentist,premium,242,242,high,medium,4,namesilo,,,07/10/2026 07:43
be8dfe20-0142-4404-82f9-b3e26381aa18,data.bargains,premium,85.8,85.8,high,medium,4,namecheap,,,07/10/2026 07:43
8292043e-8114-425d-b950-f8b30da07d88,data.football,resell,,,high,medium,4,"Go France Domains, LLC",03/06/2015 16:00,03/06/2027 16:00,07/10/2026 07:43
ea53b406-09e8-41fc-b1f9-c679f636895c,technology.cars,available,1999.99,2199,high,low,10,namesilo,,,07/10/2026 22:38
1ad161f0-2bd7-47e8-915a-796614a832e2,software.host,premium,4875,9750,high,medium,8,namecheap,,,08/10/2026 02:38
9c7fb877-3133-452f-a8aa-32f43f45227a,software.moda,available,33.32,33.32,high,medium,8,spaceship,,,08/10/2026 02:38
ac378eac-6053-4e8d-84fe-29ec9097744d,data.ryukyu,available,17.98,22.98,high,medium,4,namecheap,,,07/10/2026 07:43
da03fcb8-b9ae-4e35-aa0b-3d7c5d88d25b,data.group,resell,,,high,medium,4,"GoDaddy.com, LLC",03/06/2016 22:50,03/06/2027 22:50,07/10/2026 07:43
c7338b09-7843-43ef-b877-6e7d8b89dccc,tech.hiv,available,184.9,184.9,high,medium,4,spaceship,,,07/10/2026 15:09
6b01f33b-1f70-48c5-9f83-2b66b6374ef8,technology.soy,premium,326.93,326.93,high,low,10,porkbun,,,07/10/2026 22:38
8a8c4c02-3845-4f61-9f30-7cb0b36eeb6a,technology.date,premium,310.7,51.95,high,low,10,spaceship,,,07/10/2026 22:38
9a7c7157-a48f-4fee-a51e-4fde2b8918c1,tech.protection,available,2140.22,2140.22,high,medium,4,dynadot,,,07/10/2026 15:09
123219f0-f2db-47ad-8a62-b0adfab0d149,technology.tax,premium,207.2,207.2,high,low,10,spaceship,,,07/10/2026 22:38
d20bed83-6858-482b-85d8-5bfd143de897,software.financial,premium,68.51,68.51,high,medium,8,spaceship,,,08/10/2026 02:38
035272d7-feb1-4ee3-9177-d84fdb31a25e,data.qpon,premium,640,23.54,high,medium,4,namesilo,,,07/10/2026 07:43
9e94c626-f9fa-4c42-abcc-759cd8b96c32,tech.cooking,premium,83,26.08,high,medium,4,spaceship,,,07/10/2026 15:09
25120a4a-6a32-418a-a595-29a53e35da48,data.cx,resell,,,high,medium,4,West263 International Limited,08/03/2016 15:01,08/03/2027 15:01,07/10/2026 07:43
c9896002-70be-4c9d-8c51-22958c00f5bb,technology.football,available,20.9,20.9,high,low,10,spaceship,,,07/10/2026 22:38
45d5288c-2fc5-4cc3-9c19-b64cece5358a,data.spot,premium,1107,1107,high,medium,4,namesilo,,,07/10/2026 07:43
e88da3c0-7c6f-41fe-b67c-edd513b861f1,technology.country,available,2140.22,2140.22,high,low,10,dynadot,,,07/10/2026 22:38
bfc4548f-1c2f-487c-b86f-8543f6031e81,innovation.security,available,1863.2,2000.18,high,medium,10,spaceship,,,07/10/2026 14:54
f72ab1da-3f2e-491b-8939-d840af42efad,technology.wedding,available,26.08,26.08,high,low,10,spaceship,,,07/10/2026 22:38
4cd319fa-6e62-4575-a7b0-12ab78444a3a,tech.jewelry,available,51.95,51.95,high,medium,4,spaceship,,,07/10/2026 15:09
057542ee-ecfc-4aec-b683-ea91cf19f336,technology.boo,premium,499.2,516.67,high,low,10,unstoppable,,,07/10/2026 22:38
5f4f7db1-98d7-46d1-b9a5-b894ef115a86,software.vip,premium,2587.7,15.73,high,medium,8,spaceship,,,08/10/2026 02:38
027b5b5d-fda8-4eca-a83b-13fdd2c9285e,software.builders,resell,,,high,medium,8,"Sav.com, LLC",07/01/2026 08:08,07/01/2027 08:08,08/10/2026 02:38
a49a8240-7808-4c46-a01a-6884d971fec8,technology.jetzt,available,18.2,18.2,high,low,10,cloudflare,,,07/10/2026 22:38
2b3e0876-9dc0-4f3f-b2e5-6e87a626c2ef,data.viajes,available,99.99,99.99,high,medium,4,namesilo,,,07/10/2026 07:43
4af6586a-1f92-4e57-a073-02fc128c3b26,tech.contractors,resell,,,high,medium,4,"GoDaddy.com, LLC",26/07/2020 21:26,26/07/2027 21:26,07/10/2026 15:09
173697b1-f73c-4259-90db-61516fa797b0,tech.maison,available,45.74,45.74,high,medium,4,spaceship,,,07/10/2026 15:09
fbed8a25-691c-45cb-b843-a19b752943b5,tech.gold,resell,,,high,medium,4,"Chengdu West Dimension Digital Technology Co., Ltd.",10/05/2022 13:15,10/05/2027 13:15,07/10/2026 15:09
70a6f5ae-f48f-41ae-8cbb-64c709e9b33d,data.fail,resell,,,high,medium,4,"NameCheap, Inc.",08/04/2023 15:15,08/04/2027 15:15,07/10/2026 07:43
2e19bf7b-7b23-4c9f-98f1-eb0f3a232e98,software.shoes,available,31.25,51.95,high,medium,8,spaceship,,,08/10/2026 02:38
53970dd6-3f98-4910-9c98-bff547f2c6c1,data.delivery,resell,,,high,medium,4,"Spaceship, Inc.",14/09/2022 13:15,14/09/2027 13:15,07/10/2026 07:43
988b4543-9179-49a4-a29b-afaa5171c2da,software.rodeo,available,12.99,12.99,high,medium,8,namesilo,,,08/10/2026 02:38
def81a26-b376-4538-a343-b99d1f10bc67,software.how,premium,768.3,768.3,high,medium,8,namecheap,,,08/10/2026 02:38
43efe9b1-e154-4e29-ba36-cb1594f9efbc,tech.vision,resell,,,high,medium,4,"Spaceship, Inc.",26/08/2015 16:00,26/08/2027 16:00,07/10/2026 15:09
95a58321-a536-42d5-bf15-01bb3cc02ec3,tech.cricket,premium,1035.2,103.7,high,medium,4,spaceship,,,07/10/2026 15:09
fb47e08c-c576-4021-ab1c-ba591482200d,innovation.theatre,available,465.95,500.18,high,medium,10,spaceship,,,07/10/2026 14:54
a7361a29-330d-4e4c-9892-4149e956a53a,software.discount,premium,207.2,207.2,high,medium,8,spaceship,,,08/10/2026 02:38
fda47d70-abdf-4c49-8708-e66357cdb90e,software.boo,premium,499.2,516.67,high,medium,8,unstoppable,,,08/10/2026 02:38
14e6c689-db87-48ca-9208-622f9165e124,innovation.guru,resell,,,high,medium,10,"Sav.com, LLC - 46",28/09/2025 15:15,28/09/2027 15:15,07/10/2026 14:54
2f1ba887-3a1a-45ca-85d3-75e80dc33d1f,innovation.photos,available,8.24,28.04,high,medium,10,dynadot,,,07/10/2026 14:54
f3f52269-12ea-47dd-b033-e5fcdff0ce5e,innovation.cyou,premium,59.71,119.23,high,medium,10,spaceship,,,07/10/2026 14:54
573f2843-2c51-4f78-923c-ac975acbbee2,technology.dentist,premium,512,512,high,low,10,namesilo,,,07/10/2026 22:38
4fddfe18-9905-421c-8ee5-28e568ddca26,tech.sarl,premium,414.2,414.2,high,medium,4,spaceship,,,07/10/2026 15:09
2ff3d83b-caf6-4ef7-8300-cfb49a4e48d1,technology.broker,available,10.55,29.18,high,low,10,spaceship,,,07/10/2026 22:38
7eb5e1d3-5314-4362-85ee-b9c78c7ac851,technology.pizza,available,10.92,60.14,high,low,10,dynadot,,,07/10/2026 22:38
539cf1fd-a3b9-418c-a6f5-7981a4892e4b,technology.photo,premium,103.7,103.7,high,low,10,spaceship,,,07/10/2026 22:38
3e49e109-d270-440a-9060-f0c40cb79c0a,software.graphics,premium,118.8,118.8,high,medium,8,namesilo,,,08/10/2026 02:38
7ef62d64-3bec-4986-a132-8cef0f7e3614,innovation.top,resell,,,high,medium,10,Dynadot LLC,14/04/2022 22:11,14/04/2028 22:11,07/10/2026 14:54
5f313c34-48f7-4bc3-a9cc-bc9d0649d558,tech.faith,premium,1035.2,103.7,high,medium,4,spaceship,,,07/10/2026 15:09
31b355db-f6d6-4936-82ac-ffacc278d900,hardware.digital,resell,,,high,low,8,"Sav.com, LLC - 49",29/05/2026 15:15,29/05/2027 15:15,06/10/2026 19:35
05b4675b-6faa-480b-89b1-4fcf8a40daf8,software.video,premium,400.5,512,high,medium,8,unstoppable,,,08/10/2026 02:38
627ebb37-d6da-4633-8c5c-2151c609a695,technology.gallery,premium,72.6,72.6,high,low,10,dynadot,,,07/10/2026 22:38
dd5933e8-8a39-4f16-a6cd-2610043459df,data.sh,resell,,,high,medium,4,"Spaceship, Inc.",04/02/2026 15:15,04/02/2028 15:15,07/10/2026 07:43
7c63396d-4957-4510-867a-1beb927e5dff,software.attorney,premium,4140,4140,high,medium,8,namesilo,,,08/10/2026 02:38
dd750c24-b6c4-4d54-aab2-c6a2c0881881,electronics.tech,premium,6900,6900,high,low,11,namesilo,,,05/10/2026 17:14
a8fe9965-042d-4cf7-818a-a80ab80651ed,software.forsale,premium,1107,1107,high,medium,8,namesilo,,,08/10/2026 02:38
9e63ea75-1583-4e62-9259-1236bf140f59,software.claims,premium,118.8,118.8,high,medium,8,namesilo,,,08/10/2026 02:38
f78824d4-4c7f-445c-8540-e1ca6c0afc4d,software.camp,resell,,,high,medium,8,Dynadot Inc,06/06/2026 17:00,06/06/2027 17:00,08/10/2026 02:38
869fa3fe-4827-47af-a4df-ddf468badf8c,innovation.villas,available,10.92,54.79,high,medium,10,dynadot,,,07/10/2026 14:54
29c1a453-a257-418b-a9e1-fd054e606a9a,innovation.green,premium,1552.7,1552.7,high,medium,10,spaceship,,,07/10/2026 14:54
62e98992-998d-4cae-ac2f-2e87f5b385e9,data.prof,premium,671.92,671.92,high,medium,4,spaceship,,,07/10/2026 07:43
2813cd2f-c35e-4b4f-b559-0ad59b78ec15,technology.report,resell,,,high,low,10,Dynadot Inc,05/05/2020 08:35,05/05/2027 08:35,07/10/2026 22:38
fc2f1c12-61e2-4fa8-bca5-c74b41f690b4,technology.charity,premium,242,242,high,low,10,namesilo,,,07/10/2026 22:38
b94c73be-793b-4b57-92f7-9b826403137e,software.guitars,available,107.22,107.22,high,medium,8,dynadot,,,08/10/2026 02:38
70ef2f0f-acc7-4b7c-8841-3d1c32a332eb,technology.shop,premium,1100,1100,high,low,10,dynadot,,,07/10/2026 22:38
52b71759-370d-4e98-a010-a0e0f7e37f47,technology.claims,available,11.98,92.98,high,low,10,namecheap,,,07/10/2026 22:38
6783dad0-7b0e-43a3-a849-4a7cd9e14330,data.study,premium,1035.2,1035.2,high,medium,4,spaceship,,,07/10/2026 07:43
aeef0396-7419-4eab-90e3-fb4b6d6b304d,innovation.cleaning,available,60.23,60.23,high,medium,10,spaceship,,,07/10/2026 14:54
49bb6276-85cd-4e30-9d95-40366a3b4dd6,data.courses,premium,1035.2,1035.2,high,medium,4,spaceship,,,07/10/2026 07:43
dac524f6-b776-42a3-99b5-6a608d72f6cc,software.coupons,premium,72.6,72.6,high,medium,8,dynadot,,,08/10/2026 02:38
b02a7c09-448b-4182-b388-7829dc9ea2ff,data.news,premium,1107,1107,high,medium,4,namesilo,,,07/10/2026 07:43
a059fa89-1ecc-48fa-8155-5b74138bf0e5,tech.prof,premium,1688.7,1688.7,high,medium,4,namecheap,,,07/10/2026 15:09
b5f724cf-1fec-4e0d-8441-76da5c86e88a,technology.tours,available,5.66,56.13,high,low,10,porkbun,,,07/10/2026 22:38
ee93c401-1d23-43e4-80fb-7b7b8f9df802,tech.careers,premium,414.2,414.2,high,medium,4,spaceship,,,07/10/2026 15:09
a6fb8864-e25e-4bf2-b2e2-9a0d2db647ec,technology.navy,available,109.99,109.99,high,low,10,namesilo,,,07/10/2026 22:38
65dd5a9e-c92e-41bd-935e-2aca20807781,tech.family,premium,440,440,high,medium,4,dynadot,,,07/10/2026 15:09
c739534b-4002-48ef-ae9a-28fb49d119b9,software.town,premium,102.67,102.67,high,medium,8,spaceship,,,08/10/2026 02:38
88286308-1beb-4c8b-bb3c-b85332ef2d38,innovation.sarl,available,5.57,5.57,high,medium,10,dynadot,,,07/10/2026 14:54
21a879de-bcf7-4a09-a093-a49ff24fca60,data.store,resell,3125,12500,high,medium,4,"GoDaddy.com, LLC",23/01/2026 17:03,23/01/2027 23:59,07/10/2026 07:43
2019b35e-710f-4bcd-9ee9-bfb733b41199,tech.coupons,premium,85.8,85.8,high,medium,4,namecheap,,,07/10/2026 15:09
b92176b4-d49e-4419-b865-8af502a49f10,data.town,resell,,,high,medium,4,Porkbun LLC,28/10/2020 10:21,28/10/2027 10:21,07/10/2026 07:43
4b794b2c-3e31-4d80-ac4f-e391881c3ee7,tech.zip,premium,1298.7,1298.7,high,medium,4,namecheap,,,07/10/2026 15:09
7c2cd43c-4aba-400c-912a-79147c3378bf,data.mortgage,premium,207.2,207.2,high,medium,4,spaceship,,,07/10/2026 07:43
86e85c11-a67a-4f54-9d51-d2c8b7b1ddf0,technology.fm,resell,,,high,low,10,Instra Corporation Pty Ltd.,17/07/2013 23:59,17/07/2027 23:59,07/10/2026 22:38
620da7d0-aee8-4e5b-884a-99dc8abc2265,innovation.moda,available,33.32,33.32,high,medium,10,spaceship,,,07/10/2026 14:54
0adb8314-2193-4c5b-a5c2-2585ecb5eb43,tech.auto,available,1863.2,2064.2,high,medium,4,spaceship,,,07/10/2026 15:09
15cd84fd-ec4a-4284-83a0-3bb6527fd047,hardware.equipment,premium,102.67,102.67,high,low,8,spaceship,,,06/10/2026 19:35
80af24f1-860d-4247-baa4-b02758c07707,data.college,premium,10350.2,10350.2,high,medium,4,spaceship,,,07/10/2026 07:43
931596a2-203a-4aef-93b4-dd0ec9ad9e6f,technology.red,premium,66.5,78.54,high,low,10,unstoppable,,,07/10/2026 22:38
de68b36a-615d-4de2-8c69-58129a26d57d,software.voto,available,11.98,86.98,high,medium,8,namecheap,,,08/10/2026 02:38
096af20a-e464-4491-9b2d-1a8752566dc7,software.ac,resell,,,high,medium,8,"GoDaddy.com, LLC",13/05/2017 00:30,13/05/2027 00:30,08/10/2026 02:38
84b950ee-34ea-4055-835b-f1b71f1f2300,tech.gifts,premium,414.2,414.2,high,medium,4,spaceship,,,07/10/2026 15:09
c67bfd31-65c9-44e0-8f3d-36d562c54b54,software.fund,resell,,,high,medium,8,"Xiamen ChinaSource Internet Service Co., Ltd",11/01/2026 15:16,11/01/2027 15:16,08/10/2026 02:38
11550b84-3db8-449f-9260-30245a107d6d,software.industries,resell,,,high,medium,8,"GoDaddy.com, LLC",14/01/2022 19:46,14/01/2027 19:46,08/10/2026 02:38
c993d527-905b-43f7-826b-8ce35c6e3b92,software.reisen,available,24.48,32.48,high,medium,8,namecheap,,,08/10/2026 02:38
426ce0d8-098e-490c-8c24-a7d7f9682d37,innovation.rsvp,premium,257.92,257.92,high,medium,10,spaceship,,,07/10/2026 14:54
2c283d84-bfef-460b-add5-fef1c97b88b6,data.partners,resell,,,high,medium,4,"Spaceship, Inc.",09/12/2020 08:13,09/12/2026 08:13,07/10/2026 07:43
da381977-8ac4-4879-8cc6-fa74c7ba64ab,data.systems,resell,,,high,medium,4,"GoDaddy.com, LLC",05/07/2015 16:00,05/07/2028 16:00,07/10/2026 07:43
295d65dd-6115-454e-bb8f-2de535d38e46,technology.cat,resell,,,high,low,10,Nominalia,24/11/2025 23:35,24/11/2026 23:35,07/10/2026 22:38
ee0bf608-857e-4e84-b67c-1717cef9b519,data.rent,resell,,,high,medium,4,"DNC Holdings, Inc.",04/05/2024 12:22,04/05/2030 23:59,07/10/2026 07:43
1694895a-c9f0-4dd6-9b98-547eeda214b1,software.group,resell,,,high,medium,8,GoDaddy Online Services Cayman Islands Ltd.,06/06/2016 00:05,06/06/2027 00:05,08/10/2026 02:38
d5e4c893-a825-4adb-a132-dc842a85ca8e,technology.fashion,premium,,,high,low,10,,,,07/10/2026 22:38
a19747e2-6d8c-46e5-83c0-3dace7f766b5,tech.diet,available,93.35,103.4,high,medium,4,spaceship,,,07/10/2026 15:09
d162fa49-e499-4e0f-890f-aa158fc32c12,innovation.talk,premium,62.3,62.3,high,medium,10,spaceship,,,07/10/2026 14:54
d0cd7a2f-1cce-48e9-b402-f5df85f87b9b,software.boston,premium,83,18.83,high,medium,8,spaceship,,,08/10/2026 02:38
ccf92659-4132-45ab-b6d7-29744c10e5ca,innovation.equipment,available,33.98,37.98,high,medium,10,namecheap,,,07/10/2026 14:54
9da15e84-c877-479d-8e2b-14c1fde9363d,software.help,premium,83.3,116,high,medium,8,namesilo,,,08/10/2026 02:38
ecc5f0d0-4642-46b3-9ced-c8a29d33a10e,innovation.academy,resell,,,high,medium,10,"Spaceship, Inc.",02/06/2024 15:15,02/06/2027 15:15,07/10/2026 14:54
1714f713-c788-4df9-9351-1683e44645b0,innovation.marketing,resell,,,high,medium,10,Dynadot Inc,17/12/2018 16:15,17/12/2026 16:15,07/10/2026 14:54
4249e0a9-dd92-4f9f-9f9a-b37a476180ea,software.fail,premium,102.67,102.67,high,medium,8,spaceship,,,08/10/2026 02:38
d536d6b1-ac5f-4448-8050-afa59ba70b8e,tech.apartments,available,45.74,45.74,high,medium,4,spaceship,,,07/10/2026 15:09
0dfd0aff-4274-4fba-ad69-ed68d724655c,tech.ceo,resell,,,high,medium,4,101domain GRS Limited,28/01/2017 05:14,27/01/2027 23:59,07/10/2026 15:09
cc4f94bb-ebdf-4dc0-b23c-1740aa4a7e05,tech.guide,resell,,,high,medium,4,"Sav.com, LLC",13/12/2025 12:53,13/12/2026 12:53,07/10/2026 15:09
b9bdb2d5-97de-4d23-ae28-a9126a5f7136,software.stream,premium,6900,116,high,medium,8,namesilo,,,08/10/2026 02:38
42ed7bde-00d0-47f1-8ffc-fd9d8c6c0c0b,innovation.recipes,available,60.2,60.2,high,medium,10,cloudflare,,,07/10/2026 14:54
bf51383e-a2b2-48c7-9242-fed4bd8e8633,tech.realty,premium,1811.45,2587.7,high,medium,4,spaceship,,,07/10/2026 15:09
01a5dc16-5461-4dc2-a243-b51a1a221be2,innovation.shopping,available,8.24,24.83,high,medium,10,dynadot,,,07/10/2026 14:54
08c2a6dd-fff9-4a36-885d-a50e4eb99e9f,software.vacations,available,45.48,54.98,high,medium,8,namecheap,,,08/10/2026 02:38
d709e904-8fc6-4217-ac59-5aad1a4d9ad7,tech.rentals,resell,,,high,medium,4,Unstoppable Domains Inc,06/01/2025 21:52,06/01/2027 21:52,07/10/2026 15:09
92c38f96-b730-40e4-9bca-052714270c83,technology.photos,available,7.96,24.01,high,low,10,spaceship,,,07/10/2026 22:38
3f2eac40-98ac-4dbf-b133-92f91d8af068,innovation.flights,available,45.2,45.2,high,medium,10,cloudflare,,,07/10/2026 14:54
2101720e-04a1-4829-89e8-2e22deba0ab5,data.ong,premium,550,275,high,medium,4,dynadot,,,07/10/2026 07:43
0167b9a5-828d-4a46-9298-2cc339d12ea5,tech.lol,premium,715,715,high,medium,4,dynadot,,,07/10/2026 15:09
db952c6a-04bd-40fb-99e6-58372775230f,data.help,resell,,,high,medium,4,Porkbun LLC,27/06/2019 17:11,27/06/2027 23:59,07/10/2026 07:43
65c2e16a-e745-4597-b292-95167c2725ee,software.moi,premium,640,640,high,medium,8,namesilo,,,08/10/2026 02:38
b6c869f9-1a2c-4390-b960-dc259ee92b11,technology.hiv,available,191.75,191.75,high,low,10,dynadot,,,07/10/2026 22:38
5434a1ec-9ecb-418c-b824-90dc19fd00f1,tech.video,premium,1100,1100,high,medium,4,dynadot,,,07/10/2026 15:09
6e5bc3f0-2033-46b6-b2a7-6dccb6b4d769,software.observer,premium,854,854,high,medium,8,namesilo,,,08/10/2026 02:38
ecdb5173-ff8c-43a7-9a15-7866934a9416,technology.shopping,premium,218.8,437.19,high,low,10,porkbun,,,07/10/2026 22:38
e43da263-597c-4794-a311-ff13c98dea1a,innovation.courses,premium,650,650,high,medium,10,namecheap,,,07/10/2026 14:54
808491a7-4cec-45ef-8139-cd59177a808f,software.rehab,premium,1035.2,1035.2,high,medium,8,spaceship,,,08/10/2026 02:38
521a5eaa-f96c-402c-b254-6de141f19110,software.food,premium,2200,2200,high,medium,8,dynadot,,,08/10/2026 02:38
f89616e1-4132-408b-8082-e60b9ffa03f1,innovation.spot,premium,103.7,103.7,high,medium,10,spaceship,,,07/10/2026 14:54
91b2bd0d-fce3-44a4-9c2a-39b6ef008be3,innovation.rest,premium,163.8,234,high,medium,10,namecheap,,,07/10/2026 14:54
a3be54c6-7648-4f5b-a074-5372f998aabe,data.lgbt,premium,4140,4140,high,medium,4,namesilo,,,07/10/2026 07:43
f24a5a45-f45f-418b-91f5-ed22196b1e97,software.shop,premium,13800,13800,high,medium,8,namesilo,,,08/10/2026 02:38
d9d0c7a0-23d4-41a2-9457-4526a1fa534c,innovation.salon,available,62.48,77.98,high,medium,10,namecheap,,,07/10/2026 14:54
be98cc39-cbe1-4041-aaff-429eb8bf11ba,software.style,premium,68.51,68.51,high,medium,8,spaceship,,,08/10/2026 02:38
ba405d6f-1a44-481a-9b5e-41ca694d594e,innovation.adult,available,51.95,98.53,high,medium,10,spaceship,,,07/10/2026 14:54
01339778-98b3-475c-8284-9abe0b8dfcf7,tech.viajes,premium,118.8,118.8,high,medium,4,namesilo,,,07/10/2026 15:09
504465e6-b356-4943-9506-2ddcaf44f0fe,innovation.forex,available,10.92,95.45,high,medium,10,dynadot,,,07/10/2026 14:54
8583049c-74f8-4f43-8b93-d25c555141c7,software.ca,resell,,,high,medium,8,CanSpace Solutions Inc.,25/09/2000 16:11,24/09/2027 04:00,08/10/2026 02:38
8bf4d71c-18e7-4760-84c2-0ea5e7cdd5e2,technology.promo,premium,3450,3450,high,low,10,namesilo,,,07/10/2026 22:38
67dd448f-7f37-4ec1-907b-d6250844241e,data.country,available,2064.2,2064.2,high,medium,4,spaceship,,,07/10/2026 07:43
2345dc71-e088-4b97-a0ca-c3c72ea6e50c,data.cfd,premium,660,1320,high,medium,4,dynadot,,,07/10/2026 07:43
cefde000-3991-489e-bc61-2b2aa99a4bce,software.red,resell,,,high,medium,8,"Spaceship, Inc.",07/01/2019 09:59,07/01/2027 09:59,08/10/2026 02:38
2a96208d-b1af-494d-84fe-30e398798f65,data.vc,resell,,,high,medium,4,"GoDaddy.com, LLC",26/04/2017 01:07,26/04/2027 01:07,07/10/2026 07:43
4eb8dd75-5576-4166-bc02-f7c3b304c574,software.football,available,20.2,20.2,high,medium,8,cloudflare,,,08/10/2026 02:38
deb3e195-3298-407b-8abf-32ff0cf0d58f,software.florist,available,26.08,26.08,high,medium,8,spaceship,,,08/10/2026 02:38
652d8c11-b9fe-4863-be8b-b7ad2a726d6d,innovation.delivery,resell,,,high,medium,10,"Spaceship, Inc.",16/03/2026 19:12,16/03/2027 19:12,07/10/2026 14:54
4d5d49aa-c1ea-4118-a1f8-f77764fc039a,hardware.design,premium,2660,2660,high,low,8,namesilo,,,06/10/2026 19:35
f489586f-1dd2-431f-8b7c-10d1b8080ac5,software.ngo,premium,65,32.5,high,medium,8,namecheap,,,08/10/2026 02:38
9869841e-1833-4970-9d47-dba3773790d0,software.voting,available,978.6,978.6,high,medium,8,dynadot,,,08/10/2026 02:38
554ef69f-a347-4d8d-b6c4-21e2100acd28,tech.salon,resell,,,high,medium,4,"Sav.com, LLC - 42",20/09/2026 15:15,20/09/2027 15:15,07/10/2026 15:09
46f81fd5-6cf2-4f64-ba87-6111d08ea512,technology.website,premium,1293.95,2587.7,high,low,10,spaceship,,,07/10/2026 22:38
034749b0-fdbf-4381-bb12-3cb6b83dbc61,software.cars,available,2140.22,2140.22,high,medium,8,dynadot,,,08/10/2026 02:38
aa6c70cd-9ef0-4296-a719-39c4535b1fb2,software.promo,premium,1107,1107,high,medium,8,namesilo,,,08/10/2026 02:38
287aa918-b8ad-4df7-873d-b956c6af0bb5,data.yoga,premium,512,29.5,high,medium,4,namesilo,,,07/10/2026 07:43
1dd7cad6-5afd-4f6d-963f-705b1d5e7f2a,technology.estate,premium,108.9,108.9,high,low,10,dynadot,,,07/10/2026 22:38
7521d709-3693-45db-892e-944a54f12d11,technology.fish,premium,36.32,72.57,high,low,10,porkbun,,,07/10/2026 22:38
2015528d-1024-4c67-b8df-22558a7c2502,data.baby,premium,,,high,medium,4,"GoDaddy.com, LLC",15/07/2020 00:50,15/07/2027 23:59,07/10/2026 07:43
1a27f28a-fcf2-4277-896d-ef90c71cde4a,innovation.audio,available,100.2,100.2,high,medium,10,cloudflare,,,07/10/2026 14:54
7f230c5a-a603-40c0-a430-6a7cdddbb34a,technology.blackfriday,available,114.99,114.99,high,low,10,namesilo,,,07/10/2026 22:38
b3822226-160f-4ccf-b63c-c010b42932a5,hardware.cloud,premium,2660,2660,high,low,8,namesilo,,,06/10/2026 19:35
8c6c2560-1ce7-42c8-a2e2-66ea77ddc1a4,innovation.productions,available,5.89,32.29,high,medium,10,spaceship,,,07/10/2026 14:54
ed40580d-41e9-4feb-9fd3-07c02bb8fc1e,data.cars,available,1999.99,2199,high,medium,4,namesilo,,,07/10/2026 07:43
42446978-132f-4596-b59e-f8ea8ca8d57b,hardware.racing,premium,116,116,high,low,8,namesilo,,,06/10/2026 19:35
edfc625d-92fb-4b5f-b662-1df0a8e60926,innovation.foo,premium,167.7,167.7,high,medium,10,namecheap,,,07/10/2026 14:54
56bb1c1e-d5c7-4f12-a042-27971385ed13,software.rich,available,94.99,1999,high,medium,8,namesilo,,,08/10/2026 02:38
b9c762aa-0d5c-40b2-ab17-e281244c0761,technology.horse,available,32.49,32.49,high,low,10,namesilo,,,07/10/2026 22:38
adb42844-0127-4b30-b517-41826596e4a5,innovation.game,available,279.65,341.75,high,medium,10,spaceship,,,07/10/2026 14:54
39772387-bf81-4d68-a4ca-dd72c8229322,tech.holdings,resell,,,high,medium,4,Dynadot Inc,23/12/2025 18:55,23/12/2026 18:55,07/10/2026 15:09
22fde6ad-47ec-4833-8c1e-2ca45cb172e3,data.money,resell,,,high,medium,4,Porkbun LLC,27/05/2018 08:13,27/05/2027 08:13,07/10/2026 07:43
6ec0c67d-22ed-4db5-82e9-aeea92644fff,engineering.equipment,available,22.97,22.97,high,low,11,spaceship,,,07/10/2026 19:10
1d2238eb-5f51-4972-9b15-a9e43049bab4,technology.day,premium,516.67,516.67,high,low,10,spaceship,,,07/10/2026 22:38
b4ccecef-6f44-40a7-a5ce-20ab549ee161,tech.luxe,premium,242,17.7,high,medium,4,namesilo,,,07/10/2026 15:09
c44d7bc7-7383-4026-bfbc-90dec88cd59e,software.cyou,premium,310.7,621.2,high,medium,8,spaceship,,,08/10/2026 02:38
d2a8a36c-10e1-4252-97eb-a5a918a91eda,software.lease,available,44.71,44.71,high,medium,8,spaceship,,,08/10/2026 02:38
b81d3973-bf62-4c57-a949-2a5e0d07a8b7,software.flowers,available,107.22,107.22,high,medium,8,dynadot,,,08/10/2026 02:38
69ca36cb-a60d-40a6-8f96-8d3fd2428dcc,innovation.vision,premium,68.51,68.51,high,medium,10,spaceship,,,07/10/2026 14:54
c32f10ee-e9d0-4e0d-8f9e-3ad949b2b423,data.hair,premium,672.95,672.95,high,medium,4,spaceship,,,07/10/2026 07:43
9bbddb7f-19b6-4191-94a2-468735da5f0e,tech.forsale,premium,414.2,414.2,high,medium,4,spaceship,,,07/10/2026 15:09
884ee9fc-7cb2-48c6-a855-ec3890a9977b,technology.guitars,available,93.35,103.4,high,low,10,spaceship,,,07/10/2026 22:38
49ce28c6-e17e-4cef-91e7-b19b7d95a279,tech.glass,premium,68.51,68.51,high,medium,4,spaceship,,,07/10/2026 15:09
24830e0d-5084-4eb3-8bbe-a5a66ca55e52,tech.food,premium,227.5,325,high,medium,4,namecheap,,,07/10/2026 15:09
12763a1b-ca9e-4c0f-be3e-e7659ff84580,software.organic,available,17.99,85.99,high,medium,8,namesilo,,,08/10/2026 02:38
08bfd55c-e930-4a40-a636-4c2360390df6,tech.download,resell,,,high,medium,4,Dynadot Inc,26/07/2019 18:07,26/07/2027 18:07,07/10/2026 15:09
0d56029d-71f3-496d-bb3f-44378d261bdf,hardware.blue,available,12.62,19.87,high,low,8,spaceship,,,06/10/2026 19:35
38119fce-1986-4653-926f-44482e6da3e3,innovation.investments,premium,207.2,207.2,high,medium,10,spaceship,,,07/10/2026 14:54
6d6c50a8-d92a-491b-a19d-a748471c2dad,innovation.food,premium,362.45,517.7,high,medium,10,spaceship,,,07/10/2026 14:54
c3b99fac-dfc1-4018-b37b-232d83214dcc,hardware.builders,available,27.2,27.2,high,low,8,cloudflare,,,06/10/2026 19:35
9764172e-1d90-4b78-8096-153fac3e0c7d,software.immobilien,premium,1040,1040,high,medium,8,namecheap,,,08/10/2026 02:38
eb2e82a8-d079-4ebb-b1ef-76170bd68041,innovation.porn,available,51.95,98.53,high,medium,10,spaceship,,,07/10/2026 14:54
f75f6757-ecc0-428f-9cb7-2e6352894829,software.rocks,resell,,,high,medium,8,"GoDaddy.com, LLC",28/04/2025 02:09,28/04/2027 02:09,08/10/2026 02:38
ec12fe05-6309-455d-9916-a7d729a55036,tech.cruises,available,43.2,43.2,high,medium,4,cloudflare,,,07/10/2026 15:09
961f2518-7214-4c59-aa1a-737dc57facbc,computing.parts,available,12.99,41.99,high,low,9,namesilo,,,19/09/2026 12:12
211198a8-fde8-4ca8-aa16-830babcf4bea,hardware.vet,available,37.32,37.32,high,low,8,dynadot,,,06/10/2026 19:35
3db70acd-15ae-4e83-9907-3e049f7aa6c8,innovation.day,premium,257.92,257.92,high,medium,10,spaceship,,,07/10/2026 14:54
615313d5-ddcf-407e-bce2-6ebfbf8e19de,tech.tires,available,97.98,123.98,high,medium,4,namecheap,,,07/10/2026 15:09
1cc1eec7-03d1-4bfe-8768-065117988f5f,innovation.diet,available,93.35,103.4,high,medium,10,spaceship,,,07/10/2026 14:54
c2e7f750-ac9b-45a8-960c-930612d1ee99,tech.flights,premium,512,512,high,medium,4,namesilo,,,07/10/2026 15:09
b05827b6-ba6c-4b29-87a0-5e0066419c68,data.lifestyle,premium,227.5,325,high,medium,4,namecheap,,,07/10/2026 07:43
c85530b1-634d-4f93-b5ac-4003ed649973,data.beauty,premium,672.95,672.95,high,medium,4,spaceship,,,07/10/2026 07:43
696df593-6079-4c1d-868d-3330b2648b0a,technology.tips,premium,414.2,414.2,high,low,10,spaceship,,,07/10/2026 22:38
e7de89d1-72ee-429c-9c5a-26759d0381cd,data.condos,premium,102.67,102.67,high,medium,4,spaceship,,,07/10/2026 07:43
9cda29d1-30a5-4a2e-a295-0b866ad794f4,hardware.spot,premium,110,110,high,low,8,dynadot,,,06/10/2026 19:35
875f64b3-7e4f-4109-b086-0c95a34cbd9b,software.cab,available,26.08,26.08,high,medium,8,spaceship,,,08/10/2026 02:38
d26add25-5f30-4e3d-83b1-dbfc18159257,software.ing,premium,672.95,672.95,high,medium,8,spaceship,,,08/10/2026 02:38
c67d6cfa-8440-49eb-bbd9-5fc174bd42a3,hardware.faith,available,10.53,10.53,high,low,8,spaceship,,,06/10/2026 19:35
f72199bb-159a-4a1d-af1e-25d60ca8683b,software.talk,premium,1035.2,1035.2,high,medium,8,spaceship,,,08/10/2026 02:38
e8003161-8d97-44dc-b590-a7cfbaae12fe,technology.moe,premium,302.5,14.16,high,low,10,namesilo,,,07/10/2026 22:38
29b71a1c-7511-4985-b46a-398e435c8da7,software.money,resell,,,high,medium,8,Dynadot Inc,10/02/2024 17:01,10/02/2027 17:01,08/10/2026 02:38
53cdfd22-9bc0-46f0-9c68-0618c37c3836,tech.cleaning,premium,260,260,high,medium,4,namecheap,,,07/10/2026 15:09
bf81d298-572e-4790-97e2-61f806648cf5,tech.locker,premium,10350.2,31.25,high,medium,4,spaceship,,,07/10/2026 15:09
ccd542e2-31a7-4abd-a82a-b09744f3819c,technology.salon,available,57.99,57.99,high,low,10,namesilo,,,07/10/2026 22:38
8bf7f837-ca7e-46f5-a1c1-3f1bafa86fbd,software.sydney,available,58,58,high,medium,8,namesilo,,,08/10/2026 02:38
5f982099-2d27-4b75-9b4a-a020c5571e18,hardware.website,premium,1107,1107,high,low,8,namesilo,,,06/10/2026 19:35
a1017f78-cfb6-4fd7-87b0-5881dc2039a5,software.cleaning,available,89.48,106.48,high,medium,8,namecheap,,,08/10/2026 02:38
5617e3c8-3a77-4080-b0b2-bc252e1a5ab9,tech.email,resell,,,high,medium,4,"Chengdu West Dimension Digital Technology Co., Ltd.",23/09/2018 08:36,23/09/2027 08:36,07/10/2026 15:09
fef92474-64c7-4eae-a59f-2dedf0fb1e10,software.rent,resell,,,high,medium,8,TLD Registrar Solutions Ltd.,03/04/2017 17:41,03/04/2027 23:59,08/10/2026 02:38
aee989fb-0d50-4712-a89f-354a1c20ae09,technology.party,premium,3450,116,high,low,10,namesilo,,,07/10/2026 22:38
84089002-4b2f-49ec-8f57-3640e2f6be93,technology.hockey,available,47.81,47.81,high,low,10,spaceship,,,07/10/2026 22:38
d44e7da9-38ca-4d4a-a55d-e64222acf548,innovation.diamonds,available,43.67,43.67,high,medium,10,spaceship,,,07/10/2026 14:54
0b7b60c1-0de3-480b-8e2d-793dd23afa38,hardware.mba,available,17,39.99,high,low,8,unstoppable,,,06/10/2026 19:35
d956b640-83c7-48bb-8940-f206ce1db87d,software.family,premium,512,512,high,medium,8,namesilo,,,08/10/2026 02:38
f272ac63-96c6-437c-bcbc-2257ec06cf89,software.country,available,2298,2450,high,medium,8,namecheap,,,08/10/2026 02:38
0a10edd7-955d-4ca4-989e-ae7814e3c0fd,innovation.exposed,available,17.2,17.2,high,medium,10,cloudflare,,,07/10/2026 14:54
6e4120e3-557d-47ec-bbf5-c8d49071de34,software.win,premium,362.45,51.95,high,medium,8,spaceship,,,08/10/2026 02:38
4a8a5cd8-655b-405b-929f-c31a7f6ad282,tech.airforce,available,80.2,80.2,high,medium,4,cloudflare,,,07/10/2026 15:09
91c30e0f-ef39-47eb-8991-8f7a23a2aa75,hardware.eco,premium,7762.7,59.71,high,low,8,spaceship,,,06/10/2026 19:35
17503ac8-470b-463d-8318-c1b12bb890f2,innovation.berlin,premium,606.55,54.25,high,medium,10,dynadot,,,07/10/2026 14:54
7501e68c-bd4b-41ac-bff1-a907f48264ad,data.now,resell,,,high,medium,4,Porkbun LLC,03/10/2024 23:16,03/10/2027 23:16,07/10/2026 07:43
31cef5f3-34b1-4733-9e05-f606c31e7ae6,tech.miami,premium,2070.2,18.83,high,medium,4,spaceship,,,07/10/2026 15:09
2f280de9-a6ed-4a24-90cf-ae27fc559054,software.audio,available,93.35,103.4,high,medium,8,spaceship,,,08/10/2026 02:38
aa84f4fe-8b0f-4612-8b36-c7013d728b59,innovation.graphics,available,18.83,18.83,high,medium,10,spaceship,,,07/10/2026 14:54
0bc3ade3-8a7f-4be1-b545-a0d0c1fb20dc,software.forex,premium,546.56,1092.18,high,medium,8,porkbun,,,08/10/2026 02:38
4e372bd7-2307-4a75-9e38-5d3ea5330cc0,hardware.page,premium,318.72,318.72,high,low,8,namesilo,,,06/10/2026 19:35
4f030b19-26d0-4f29-9ec4-680cf3f0529d,software.villas,premium,242,242,high,medium,8,namesilo,,,08/10/2026 02:38
543d049e-d616-4d59-b440-5007f7777517,hardware.free,premium,103.7,103.7,high,low,8,spaceship,,,06/10/2026 19:35
536d0a40-e5cc-4534-bf36-1a64c9f0a1b9,innovation.lat,resell,,,high,medium,10,"Spaceship, Inc.",17/02/2026 14:15,17/02/2027 23:59,07/10/2026 14:54
6fd94852-ddd4-4bb9-9ec9-b8ced3f534d6,software.camera,resell,,,high,medium,8,united-domains GmbH,12/02/2014 16:00,12/02/2027 16:00,08/10/2026 02:38
b14e670f-22f8-44de-934e-fae171c58eec,innovation.cat,available,18.83,25.04,high,medium,10,spaceship,,,07/10/2026 14:54
3bbafe36-1cac-4bd1-9305-ed8ec6357a32,tech.soy,premium,309.67,309.67,high,medium,4,spaceship,,,07/10/2026 15:09
85f37e14-2850-4af9-8e62-347d79cd80f9,data.accountants,available,117.99,117.99,high,medium,4,namesilo,,,07/10/2026 07:43
71fa99f6-3284-44da-a4dd-302a3700e5cf,hardware.baby,resell,,,high,low,8,Dynadot Inc,21/07/2026 15:32,21/07/2027 23:59,06/10/2026 19:35
39b42615-0cfa-47d6-a217-d0b2a6752b48,software.srl,premium,54.28,30.68,high,medium,8,namesilo,,,08/10/2026 02:38
7722dd1a-f08e-40e4-8049-d3d055c236c3,software.dealer,premium,4278,2660,high,medium,8,namesilo,,,08/10/2026 02:38
5b90b71e-ccfe-403a-abf8-6562a3dc7b73,software.auto,available,2140.22,2140.22,high,medium,8,dynadot,,,08/10/2026 02:38
134680f2-5211-440d-b573-d0ed49eeeea8,tech.hair,premium,672.95,672.95,high,medium,4,spaceship,,,07/10/2026 15:09
1ae74769-6b22-409b-8dd6-9cd308dafef9,hardware.direct,available,13.14,33.32,high,low,8,spaceship,,,06/10/2026 19:35
9d70614b-00d1-4f57-91c4-4999a6346d45,innovation.tires,available,72.44,72.44,high,medium,10,spaceship,,,07/10/2026 14:54
6c12fca5-d564-480e-bea5-34879faae84b,software.hiv,available,184.9,184.9,high,medium,8,spaceship,,,08/10/2026 02:38
b5e3d9ce-debb-422d-a287-e296eafce849,software.qpon,premium,640,23.54,high,medium,8,namesilo,,,08/10/2026 02:38
0cef6985-4ef9-4097-93c9-252c2a639a08,engineering.photography,available,14.49,36.49,high,low,11,namesilo,,,07/10/2026 19:10
940e5aa5-1b01-42bf-9f0d-9a0b80487e73,hardware.uno,premium,2587.7,2587.7,high,low,8,spaceship,,,06/10/2026 19:35
4c6e8718-8a19-4190-befa-c972390cb85b,innovation.restaurant,available,10.55,51.95,high,medium,10,spaceship,,,07/10/2026 14:54
f95d7faf-a1ba-44cf-9f9a-1c0c512b7fe1,hardware.house,available,11.59,35.39,high,low,8,spaceship,,,06/10/2026 19:35
5dad853e-6074-4d04-89b9-15acc1cd20ee,data.hosting,premium,1345.7,1345.7,high,medium,4,spaceship,,,07/10/2026 07:43
d19de392-7862-49fc-9d03-89709c723776,computing.auto,available,1999.99,2199,high,low,9,namesilo,,,19/09/2026 12:12
4de0af65-88f8-41e1-a7b6-685dcc83c1d1,innovation.cloud,premium,2587.7,5175.2,high,medium,10,spaceship,,,07/10/2026 14:54
c3467750-3b70-48ea-a7e6-8398c50c8bbe,tech.organic,resell,,,high,medium,4,Dynadot Inc,05/06/2026 17:00,05/06/2027 17:00,07/10/2026 15:09
1a86785e-f46f-4891-9d5d-ff1d6a2a08a5,computing.red,available,11.49,23.49,high,low,9,namesilo,,,19/09/2026 12:12
5730dc57-33a2-4222-8355-9023bb6d4f75,software.bingo,available,58.48,77.48,high,medium,8,namecheap,,,08/10/2026 02:38
cd924ab2-540f-4184-aff1-288907ebbb12,software.bz,available,21.98,26.98,high,medium,8,namecheap,,,08/10/2026 02:38
ef89c8a7-d2a9-452c-999f-0e090d99d15b,computing.cloud,premium,2600,13000,high,low,9,namecheap,,,19/09/2026 12:12
bad256e0-eeaf-45ff-badd-081b7761c7cd,innovation.rentals,available,34.2,34.2,high,medium,10,cloudflare,,,07/10/2026 14:54
b9230905-1fa9-48f3-8f79-d5de9dbb9ca2,software.health,premium,7762.7,62.3,high,medium,8,spaceship,,,08/10/2026 02:38
8597dafd-0554-4653-9d62-98575e69521d,hardware.forex,available,10.92,95.45,high,low,8,dynadot,,,06/10/2026 19:35
587f9895-0099-42c3-831b-f3400dc792b2,tech.fast,premium,258.95,258.95,high,medium,4,spaceship,,,07/10/2026 15:09
de4f4327-14a8-4c1d-b2ab-4d49a4ceb319,engineering.cards,premium,512,512,high,low,11,namesilo,,,07/10/2026 19:10
ddb7d2d9-d06f-4c4a-8ff8-cb1a85301d7e,innovation.fishing,available,26.08,26.08,high,medium,10,spaceship,,,07/10/2026 14:54
9d009ecb-85df-4022-b5a6-c7c1cc904055,hardware.ltda,available,42.98,46.98,high,low,8,namecheap,,,06/10/2026 19:35
3645d315-d173-4d4d-9e28-8ef414bd06b5,hardware.day,premium,249.2,257.92,high,low,8,unstoppable,,,06/10/2026 19:35
9440d945-594d-4ce6-89e1-760d2ea6d07d,tech.adult,available,69.98,166.98,high,medium,4,namecheap,,,07/10/2026 15:09
8d8c2f6c-1e68-495b-8789-99ef0651872a,innovation.democrat,available,5.38,26.08,high,medium,10,spaceship,,,07/10/2026 14:54
724ea282-21b4-4e57-ad76-f12a984a3c8d,engineering.democrat,available,7.25,7.25,high,low,11,namesilo,,,07/10/2026 19:10
4604640c-bcd7-40ae-960c-23be3171a85a,hardware.boo,premium,257.92,257.92,high,low,8,spaceship,,,06/10/2026 19:35
107056b1-265f-4f7f-9afa-793555282d08,engineering.photo,premium,116,116,high,low,11,namesilo,,,07/10/2026 19:10
212fe329-31d0-461b-855a-594c668c4d79,computing.center,resell,,,high,low,9,"Global Domains International, Inc. DBA DomainCostClub.com",25/03/2026 15:15,25/03/2027 15:15,26/09/2026 05:10
cc2356d5-9778-4123-a58b-308111e3e281,hardware.immobilien,available,29.2,29.2,high,low,8,cloudflare,,,06/10/2026 19:35
61140b8b-3c10-4064-a07b-765c99fa8295,data.guru,resell,,,high,medium,4,"GoDaddy.com, LLC",28/07/2015 01:38,28/07/2027 01:38,07/10/2026 07:43
dd15374b-539f-474f-9f62-e1d85ff1fe79,software.mobile,premium,310.7,310.7,high,medium,8,spaceship,,,08/10/2026 02:38
80d13621-e594-46e9-8a30-4025f7fa75ed,innovation.futbol,available,5.38,13.66,high,medium,10,spaceship,,,07/10/2026 14:54
afd3914b-d8d3-4f95-9c2c-59303d92d447,innovation.film,available,77.98,97.98,high,medium,10,namecheap,,,07/10/2026 14:54
25b7d002-a9bb-44d3-b6e1-2b7c4b0e69a8,data.memorial,available,134.99,134.99,high,medium,4,namesilo,,,07/10/2026 07:43
acf4d2e0-5a8c-4c86-b345-e737637afd27,computing.attorney,resell,,,high,low,9,"eNom, LLC",04/09/2015 07:48,04/09/2027 07:48,26/09/2026 05:10
b9d0bfb0-faee-4e5b-af25-bf24e19fabf1,hardware.boston,premium,242,21.24,high,low,8,namesilo,,,06/10/2026 19:35
7eb99b1e-00ab-4b90-81f2-e20857ce36a1,engineering.gay,premium,258.95,258.95,high,low,11,spaceship,,,07/10/2026 19:10
87197489-552b-435f-a582-4ee6b693c8e5,innovation.vip,resell,,,high,medium,10,Alibaba Cloud Computing Ltd. d/b/a HiChina (www.net.cn),16/09/2017 00:00,16/09/2027 00:00,07/10/2026 14:54
e95d6ed7-88d0-45b3-a585-3b8a40a69f53,innovation.eco,premium,8250,61.74,high,medium,10,dynadot,,,07/10/2026 14:54
0e53b177-16c3-4731-9e0a-60a349e5ac43,engineering.courses,premium,5175.2,5175.2,high,low,11,spaceship,,,07/10/2026 19:10
e9c3ba55-7756-4ed0-8f2f-9ee7004b641c,innovation.fitness,resell,,,high,medium,10,"Spaceship, Inc.",14/09/2026 17:00,14/09/2027 17:00,07/10/2026 14:54
4d9c9a08-7201-4fc6-8977-3e352318dd13,hardware.shoes,available,50.2,50.2,high,low,8,cloudflare,,,06/10/2026 19:35
854992a1-033e-4711-8905-e2c95f57224b,data.best,premium,1151.14,1151.14,high,medium,4,namesilo,,,07/10/2026 07:43
418c3ba9-274d-42e0-b02d-0b7155726ba6,software.faith,premium,640,77.35,high,medium,8,namesilo,,,08/10/2026 02:38
ce10e0f0-e9b8-4e10-b3ab-c74973858823,hardware.organic,available,17.99,85.99,high,low,8,namesilo,,,06/10/2026 19:35
0c3caa06-1a78-4bc4-a2d4-6ca5f1f3c394,hardware.airforce,available,83,83,high,low,8,spaceship,,,06/10/2026 19:35
7ec3327f-f623-4efd-b5f3-c311460eae19,hardware.legal,available,71.99,71.99,high,low,8,namesilo,,,06/10/2026 19:35
de001ac2-a6f1-4f2f-8408-0e116665ca04,computing.sucks,available,218.99,218.99,high,low,9,namesilo,,,19/09/2026 12:12
473d404a-2f11-4c9a-9047-a90ded3cd3c8,engineering.restaurant,available,10.55,51.95,high,low,11,spaceship,,,07/10/2026 19:10
9964da74-0828-449b-ba84-e92c2c79d905,computing.xyz,resell,,,high,low,9,Dynadot Inc,02/11/2018 08:35,02/11/2030 23:59,26/09/2026 05:10
80f1c0a1-d772-44b5-9bad-b9839848f49d,innovation.build,premium,51.95,51.95,high,medium,10,spaceship,,,07/10/2026 14:54
cc7276a4-b4d0-4d7b-a0e9-f866574ad716,tech.trading,premium,1100,1100,high,medium,4,dynadot,,,07/10/2026 15:09
4771d3c6-d52d-4bcd-9ce2-cbb238825341,engineering.audio,available,100.2,100.2,high,low,11,cloudflare,,,07/10/2026 19:10
5990cf04-7b26-4f21-8f2f-92a96ab43b9d,hardware.kim,available,5.98,32.98,high,low,8,namecheap,,,06/10/2026 19:35
6ab1c5e5-a109-4533-a605-af5a9f5731c7,tech.webcam,premium,650,84.5,high,medium,4,namecheap,,,07/10/2026 15:09
d801b6da-59bc-4a95-836c-dfc74314ebfd,engineering.build,premium,1552.7,1552.7,high,low,11,spaceship,,,07/10/2026 19:10
3da5f4d9-5084-4493-8b4a-d9ba96e6782c,software.charity,premium,242,242,high,medium,8,namesilo,,,08/10/2026 02:38
7055a6d2-7e3e-410a-af43-28243c09f9be,computing.berlin,available,79.98,89.98,high,low,9,namecheap,,,19/09/2026 12:12
ea1855c3-f974-4f45-b4f9-81b8bbada5da,innovation.country,available,2298,2450,high,medium,10,namecheap,,,07/10/2026 14:54
37d7af90-2759-4b66-9dc2-1a088d3b6e00,computing.hosting,available,309.99,429.99,high,low,9,namesilo,,,19/09/2026 12:12
16629d3c-4534-4c5b-b925-f6a3791be094,hardware.dating,available,11.59,51.95,high,low,8,spaceship,,,06/10/2026 19:35
9574f738-8042-4b5b-b4da-3fe310d5bdb3,computing.soy,premium,53.3,53.3,high,low,9,namecheap,,,19/09/2026 12:12
c5cd5ac7-7f3b-4dca-ab78-5289bfdd25a6,engineering.so,resell,,,high,low,11,NameCheap,17/06/2024 19:58,17/06/2026 19:58,
786fe3b2-351d-4c0d-bde7-0cd8036ccce3,computing.now,resell,,,high,low,9,Dynadot Inc,20/01/2025 22:31,20/01/2028 22:31,26/09/2026 05:10
142ef017-2e83-4100-97fb-164ed565451a,computing.supply,available,27.48,33.48,high,low,9,namecheap,,,19/09/2026 12:12
f9b14054-9c22-44f7-b401-a2ac78093d57,hardware.sydney,premium,766.38,766.38,high,low,8,dynadot,,,06/10/2026 19:35
dfc693e6-ae24-411c-af16-541d4f9828df,computing.futbol,available,7.49,17.99,high,low,9,namesilo,,,19/09/2026 12:12
5222e5e1-c542-49cc-9ce9-376449e49427,tech.kids,resell,,,high,medium,4,"GoDaddy.com, LLC",19/10/2022 16:28,19/10/2027 16:28,07/10/2026 15:09
615917bc-8c57-4b76-94cc-7c67be70de9f,computing.porn,available,69.98,154.98,high,low,9,namecheap,,,19/09/2026 12:12
aac8f51c-203a-48c2-92c3-69018a9850e5,hardware.how,premium,244.4,244.4,high,low,8,namecheap,,,06/10/2026 19:35
2f49a73c-3444-4576-8cdf-546d45e5e6d1,hardware.capital,resell,,,high,low,8,Dynadot Inc,06/08/2025 12:06,06/08/2027 12:06,06/10/2026 19:35
fb81f97e-97f4-4fe9-8b6f-483a9f5a3798,software.site,premium,1365.1,5458.82,high,medium,8,porkbun,,,08/10/2026 02:38
99757c3c-ccc6-4593-b6f8-17919c141d38,engineering.auto,available,1863.2,2064.2,high,low,11,spaceship,,,07/10/2026 19:10
16463e44-0e68-405d-a330-14cc0798155b,hardware.rsvp,premium,257.92,257.92,high,low,8,spaceship,,,06/10/2026 19:35
0ddeba32-ddb1-4d7a-9dce-acbc14d29ee1,software.beauty,resell,,,high,medium,8,Dynadot Inc,07/09/2026 15:12,07/09/2027 23:59,08/10/2026 02:38
12f7558e-fe5c-447f-afcb-59673c272cab,innovation.loans,available,15.73,93.35,high,medium,10,spaceship,,,07/10/2026 14:54
543d1f71-4acc-4ba9-84c0-7fb0cde76290,hardware.store,premium,2750,11000,high,low,8,dynadot,,,06/10/2026 19:35
16d586a2-c536-4c2c-8df9-745a45391894,data.moda,available,41.99,41.99,high,medium,4,namesilo,,,07/10/2026 07:43
5d965b75-a718-4a14-820b-7985b513838a,internet.icu,premium,310.7,621.2,high,medium,8,spaceship,,,08/10/2026 03:05
72c20ba3-bc8e-4bb6-a580-343e36c35cb2,computing.gmbh,available,47.98,56.98,high,low,9,namecheap,,,19/09/2026 12:12
0f9da12c-bf0a-4b51-a9ce-d22580ee3f60,engineering.airforce,available,80.2,80.2,high,low,11,cloudflare,,,07/10/2026 19:10
7cd36a2f-39e9-49be-ab15-6ce6b9abd8ca,innovation.ryukyu,available,17.98,22.98,high,medium,10,namecheap,,,07/10/2026 14:54
3f3af043-3787-49be-a90c-85bc54cde21c,data.skin,premium,832,832,high,medium,4,namesilo,,,07/10/2026 07:43
176a77cb-e650-4782-a1f8-e46049bce1b5,hardware.desi,available,19.98,22.98,high,low,8,namecheap,,,01/10/2026 17:02
6858320b-c370-448e-999c-8b977e7dcc3d,hardware.pro,resell,,,high,low,8,"EnCirca, Inc.",02/03/2005 00:00,02/03/2027 00:00,06/10/2026 19:35
5d96e79a-7c46-4856-8694-76c919840a30,electronics.supplies,available,19.87,19.87,high,low,11,spaceship,,,05/10/2026 17:14
6c36cf09-ca3c-4711-86ad-7305ed24c6d7,hardware.space,premium,6900,6900,high,low,8,namesilo,,,06/10/2026 19:35
cc9a3291-67ff-4743-b3bb-e07265ae042b,engineering.spot,premium,500.5,640,high,low,11,unstoppable,,,07/10/2026 19:10
f075bdc9-97cc-43b7-bb18-1f1adc8b0918,hardware.click,premium,116,116,high,low,8,namesilo,,,06/10/2026 19:35
daabdb64-709b-4908-9234-35016af1a209,innovation.vacations,available,45.48,54.98,high,medium,10,namecheap,,,07/10/2026 14:54
7c830da2-3484-42d9-96d6-4a63896c1b07,tech.date,premium,390,65,high,medium,4,namecheap,,,07/10/2026 15:09
e93ffa4e-db50-4b20-899a-f2de1190cafb,engineering.vet,available,41.99,41.99,high,low,11,namesilo,,,07/10/2026 19:10
80bb05c7-de4d-43d1-a0c5-e14f25985ed0,computing.limo,available,54.99,54.99,high,low,9,namesilo,,,19/09/2026 12:12
46637808-120f-4864-98e1-2c3e3e7c186e,data.uno,premium,5175.2,5175.2,high,medium,4,spaceship,,,07/10/2026 07:43
89b987ee-951e-4b04-91f0-d2db3b20324f,innovation.mobi,resell,,,high,medium,10,"Sav.com, LLC",12/05/2026 06:50,12/05/2027 06:50,07/10/2026 14:54
fc31c5be-2515-41e6-a4b5-a3deb2d031d5,computing.build,premium,325,325,high,low,9,namecheap,,,19/09/2026 12:12
ac785a64-cd94-4fcf-82b2-9d5b10a7aaf8,hardware.diy,premium,724.7,1035.2,high,low,8,spaceship,,,06/10/2026 19:35
77d11ef8-bfe4-4d74-9b3d-846959e24194,computing.tires,available,5.99,78.99,high,low,9,namesilo,,,19/09/2026 12:12
dc1f71b1-07af-4380-a6c1-83e2d6c3266e,engineering.tattoo,available,2.99,34.99,high,low,11,namesilo,,,07/10/2026 19:10
1f7d38c1-d7d2-4546-bd86-c4aa7230dc1c,hardware.hamburg,available,69.98,73.98,high,low,8,namecheap,,,06/10/2026 19:35
de213742-181b-4e15-94f4-93c8c6b664a7,innovation.viajes,available,80.47,80.47,high,medium,10,dynadot,,,07/10/2026 14:54
3de3c3cc-9a57-450b-9337-20e69914a3cf,computing.watch,available,5.99,44.49,high,low,9,namesilo,,,19/09/2026 12:12
5f47fecc-ef3f-4c3b-886b-8f08a92a36a1,hardware.art,premium,354.9,91,high,low,8,namecheap,,,06/10/2026 19:35
f4a7d4b7-c88c-4a69-a245-cabfd3c0ab24,software.world,resell,,,high,medium,8,"Spaceship, Inc.",14/07/2019 22:47,14/07/2027 22:47,08/10/2026 02:38
94415d21-4b1c-4ac5-8d50-7a7075491f47,computing.money,available,11.98,38.98,high,low,9,namecheap,,,19/09/2026 12:12
9a12bdd5-c485-4f31-9518-2738f807477b,engineering.mba,available,30.2,30.2,high,low,11,cloudflare,,,07/10/2026 19:10
40152cc2-a3db-426e-ae8c-ba95106b6926,innovation.lease,available,43.2,43.2,high,medium,10,cloudflare,,,07/10/2026 14:54
b3bfacd7-d096-49c3-bf1b-46183e01ca91,software.associates,premium,118.8,118.8,high,medium,8,namesilo,,,08/10/2026 02:38
bf4edf7f-ca10-4e2f-ac03-ec21ce6e2b21,innovation.cx,available,19.98,26.98,high,medium,10,namecheap,,,07/10/2026 14:54
fd51b975-d9ac-4a20-8bc4-2b98015ae4a9,software.kitchen,premium,414.2,414.2,high,medium,8,spaceship,,,08/10/2026 02:38
5ef38b9b-1176-43cd-b7d8-ff47a0276677,engineering.soy,premium,86.9,86.9,high,low,11,dynadot,,,07/10/2026 19:10
832a50ce-1222-4838-a769-ac26d8e4fd2f,computing.hot,premium,116,116,high,low,9,namesilo,,,19/09/2026 12:12
7700e5e0-32d9-43d4-bf57-e0496d54a3c1,hardware.men,premium,362.45,51.95,high,low,8,spaceship,,,06/10/2026 19:35
736b0b12-1989-4abf-9a19-0f59d275c68c,innovation.agency,resell,,,high,medium,10,"GoDaddy.com, LLC",16/07/2015 13:31,16/07/2027 13:31,07/10/2026 14:54
f054d361-4f68-49c5-abc4-d64896b404e0,data.how,premium,568.42,568.42,high,medium,4,spaceship,,,07/10/2026 07:43
200c439c-c584-4a5c-b731-ee801ff2c600,computing.pink,available,6.48,31.48,high,low,9,namecheap,,,19/09/2026 12:12
9cc5f42c-7a03-40c8-9507-ecebd1f94583,engineering.kitchen,available,7.96,51.95,high,low,11,spaceship,,,07/10/2026 19:10
50e99119-5c3c-42e9-8d29-197d8820f10a,software.ryukyu,available,17.98,22.98,high,medium,8,namecheap,,,08/10/2026 02:38
490d60ad-c31e-4d4b-999c-e23cd75a437f,hardware.deal,premium,103.7,103.7,high,low,8,spaceship,,,06/10/2026 19:35
f89a77f6-b5c5-4c34-8dd1-dd3571863840,innovation.kaufen,available,5.57,28.04,high,medium,10,dynadot,,,07/10/2026 14:54
974fd229-acb9-47d2-8fe5-918965097e05,software.sex,available,51.95,98.53,high,medium,8,spaceship,,,08/10/2026 02:38
bc0abe13-5a71-40d2-b494-f440ddd86e03,hardware.insure,available,58.16,58.16,high,low,8,spaceship,,,06/10/2026 19:35
10b98fa8-0be7-4682-ae2b-2ca43395fea0,computing.apartments,available,60.98,72.98,high,low,9,namecheap,,,19/09/2026 12:12
0bafeef2-296d-49bd-a7d3-e6573e22787b,engineering.zip,premium,61.27,61.27,high,low,11,spaceship,,,07/10/2026 19:10
a47d74a6-af38-4416-b6bb-02a2a96b09b8,engineering.nyc,premium,3250,32.5,high,low,11,namecheap,,,07/10/2026 19:10
c91a8a30-33dc-4698-af77-81aa1d280a66,computing.wiki,resell,,,high,low,9,Dynadot Inc,15/09/2026 00:02,15/09/2027 00:02,26/09/2026 05:10
d3bba38f-7571-46df-84d5-63ed7890a62f,tech.juegos,available,321.22,321.22,high,medium,4,dynadot,,,07/10/2026 15:09
7db63567-ffe1-48ab-b2c3-d41ba3cce9ab,computing.reviews,available,62.99,62.99,high,low,9,namesilo,,,19/09/2026 12:12
9d3c9ed4-ed8c-4928-8400-dbcf7280e971,engineering.apartments,available,57.99,57.99,high,low,11,namesilo,,,07/10/2026 19:10
27acb413-56f1-4573-9baa-3ab38647f2d2,tech.rsvp,premium,1034.17,1034.17,high,medium,4,spaceship,,,07/10/2026 15:09
572695f4-3dde-4aee-8b4c-3bee8d3056ca,engineering.viajes,available,99.99,99.99,high,low,11,namesilo,,,07/10/2026 19:10
a245c13f-aff1-46a0-bf7a-018413ef67af,innovation.dog,available,5.38,51.95,high,medium,10,spaceship,,,07/10/2026 14:54
d07d4e0b-49c2-42fb-bf52-2a1d4c301f7f,innovation.accountant,premium,362.45,51.95,high,medium,10,spaceship,,,07/10/2026 14:54
fe07f378-a110-4da0-8445-a8c009d6de10,engineering.online,premium,1293.95,5175.2,high,low,11,spaceship,,,07/10/2026 19:10
7b04ac78-0b24-4081-a9fd-74627adfcbb7,engineering.sydney,available,58,58,high,low,11,namesilo,,,07/10/2026 19:10
ff27cd67-7862-4df2-8f88-d3e7ba2c8f12,innovation.lifestyle,premium,362.45,517.7,high,medium,10,spaceship,,,07/10/2026 14:54
a7616201-c7c2-4cee-add6-34351d905852,engineering.mom,premium,845,845,high,low,11,namecheap,,,07/10/2026 19:10
e8215dcc-59b0-499d-a065-6f263c2477d4,innovation.bar,premium,990,990,high,medium,10,dynadot,,,07/10/2026 14:54
a5c1d41e-a393-4436-8fe7-f5ba037d327b,computing.film,premium,116,116,high,low,9,namesilo,,,19/09/2026 12:12
41fb6041-aca6-4821-9cfd-d94ac47fe55f,data.vip,resell,,,high,medium,4,Alibaba Cloud Computing Ltd. d/b/a HiChina (www.net.cn),13/06/2016 04:36,13/06/2027 04:36,07/10/2026 07:43
1c8de0e4-f6ad-4bf9-b9f5-196d242b3509,innovation.florist,available,26.08,26.08,high,medium,10,spaceship,,,07/10/2026 14:54
10958035-d7fa-4d63-a8fc-e947409f84a8,data.institute,resell,,,high,medium,4,"Go China Domains, LLC",02/04/2014 16:00,02/04/2027 16:00,07/10/2026 07:43
3908df57-ce0b-40f0-aa8b-03d5ba27c913,computing.country,available,2298,2450,high,low,9,namecheap,,,19/09/2026 12:12
74ecd308-dc54-4d80-852c-68effe05682b,computing.contact,available,14.99,14.99,high,low,9,namesilo,,,19/09/2026 12:12
35c0d25c-b231-4a10-a758-c3e70df62d99,engineering.rodeo,available,12.99,12.99,high,low,11,namesilo,,,07/10/2026 19:10
092c9a29-0894-4500-8f5f-43c2ef39c4d4,innovation.meme,premium,195,195,high,medium,10,namecheap,,,07/10/2026 14:54
e2bdacdd-897b-426b-aa8c-eea5448c4435,engineering.jewelry,available,64.99,64.99,high,low,11,namesilo,,,07/10/2026 19:10
7edaf207-c3ee-4f46-bd9b-0d8ad1931247,innovation.onl,premium,65,130,high,medium,10,namecheap,,,07/10/2026 14:54
e45af1b7-92f3-435a-81cb-1456750a7614,innovation.gifts,available,28.2,28.2,high,medium,10,cloudflare,,,07/10/2026 14:54
797cd3ad-8677-48e7-883d-66a26367df31,computing.estate,available,15.99,38.99,high,low,9,namesilo,,,19/09/2026 12:12
7996cd28-1c55-4bbc-9b01-d3b0449204c6,tech.vacations,premium,207.2,207.2,high,medium,4,spaceship,,,07/10/2026 15:09
863a5b10-08aa-4884-8259-cca82c55cb29,engineering.doctor,premium,242,242,high,low,11,namesilo,,,07/10/2026 19:10
b6266901-ec0a-4793-9477-3469a161a03d,innovation.furniture,available,20.9,82.76,high,medium,10,spaceship,,,07/10/2026 14:54
65ac34ce-9e07-48b2-834c-b4ee6f23ee41,hardware.ooo,premium,61386.54,119.99,high,low,8,namesilo,,,06/10/2026 19:35
a808b107-5378-4f99-a874-f25270ab29af,innovation.xxx,available,53.72,101.87,high,medium,10,dynadot,,,07/10/2026 14:54
b5aa03f9-10b2-431c-b80a-46c94a55210b,data.observer,premium,1040,1040,high,medium,4,namecheap,,,07/10/2026 07:43
c52e5f33-0324-47f1-b1d8-a4805fcad88d,engineering.global,premium,5200,65,high,low,11,namecheap,,,07/10/2026 19:10
c71f54e9-54df-4791-bded-de9bb1eba873,internet.careers,resell,,,high,medium,8,GoDaddy Online Services Cayman Islands Ltd.,24/08/2021 15:24,24/08/2027 15:24,08/10/2026 03:05
b1e91bcb-7742-439c-8d1a-8ad9bbff5851,engineering.glass,premium,102.67,102.67,high,low,11,spaceship,,,07/10/2026 19:10
62200627-29f6-491c-8285-2bd07bbeba06,tech.codes,resell,,,high,medium,4,Dynadot Inc,30/01/2026 14:22,30/01/2027 14:22,07/10/2026 15:09
18e43848-a97d-4852-9091-07e307e6f3a9,engineering.tires,available,70.2,70.2,high,low,11,cloudflare,,,07/10/2026 19:10
5c056473-121a-4515-aaf3-d8a8ac7e16d9,engineering.tube,premium,550,21.62,high,low,11,dynadot,,,07/10/2026 19:10
e2f7a94b-9db7-4786-a173-4b6f6592a366,computing.tech,premium,1107,1107,high,low,9,namesilo,,,19/09/2026 12:12
cd315e95-7095-41cc-92d1-87e68fa55211,tech.cloud,premium,2070.2,10350.2,high,medium,4,spaceship,,,07/10/2026 15:09
8a4a7b61-bb1c-45ce-8ab0-0c5b09c13c24,innovation.run,resell,,,high,medium,10,"DNSPod, Inc.",25/04/2019 22:35,25/04/2027 22:35,07/10/2026 14:54
01de9180-a54f-4237-8539-d67c47c8003b,tech.rich,resell,149.99,,high,medium,4,Porkbun LLC,23/05/2026 17:51,23/05/2027 17:51,07/10/2026 15:09
39010635-0ae7-4394-8b8f-2e7cf87fc484,innovation.voting,available,978.6,978.6,high,medium,10,dynadot,,,07/10/2026 14:54
81d7748f-7f8f-455c-8c63-035d06b5679d,engineering.fitness,premium,128.7,128.7,high,low,11,namecheap,,,07/10/2026 19:10
eed9e128-a7b7-4edc-a187-36e27c40aded,data.care,resell,,,high,medium,4,"GoDaddy.com, LLC",13/08/2014 17:27,13/08/2027 17:27,07/10/2026 07:43
a55cf4fe-7a17-491e-a622-b19384ffef16,computing.hamburg,available,69.98,73.98,high,low,9,namecheap,,,19/09/2026 12:12
8251c6de-a101-4ad9-8874-80e075597ca7,tech.network,resell,,,high,medium,4,"Global Domains International, Inc. DBA DomainCostClub.com",15/09/2026 15:15,15/09/2027 15:15,07/10/2026 15:09
5ec828e8-b32b-4c28-aec4-36cffe569b11,engineering.ltda,premium,56.64,33.04,high,low,11,namesilo,,,07/10/2026 19:10
d1dba5ab-667c-4fca-90a2-4d4b22c32f8e,innovation.date,premium,310.7,51.95,high,medium,10,spaceship,,,07/10/2026 14:54
981ba699-c92a-43e8-be13-6dd85cac1d67,computing.bayern,available,34.99,34.99,high,low,9,namesilo,,,19/09/2026 12:12
625566d5-3675-48f2-8ee6-e0cde1c59a47,software.agency,resell,,,high,medium,8,Dynadot Inc,13/07/2018 10:50,13/07/2027 10:50,08/10/2026 02:38
99e96a34-c5f4-4844-8c01-c925c66bf0da,computing.poker,available,5.98,85.98,high,low,9,namecheap,,,19/09/2026 12:12
96b4de78-a8aa-41d5-a8f6-afdcd561c689,computing.gifts,available,36.99,36.99,high,low,9,namesilo,,,19/09/2026 12:12
5221cd7f-8efd-4e8a-bebc-6b94fa057ccd,hardware.party,premium,385,55,high,low,8,dynadot,,,06/10/2026 19:35
53b31e6e-d6e8-4f70-9cdd-b16ed06292d6,innovation.cruises,available,44.71,44.71,high,medium,10,spaceship,,,07/10/2026 14:54
f42ceeb2-6c4c-4e8d-852d-7c95905ca26a,engineering.voto,available,11.98,86.98,high,low,11,namecheap,,,07/10/2026 19:10
e6cdcb77-4ed2-42ba-a17f-0cfc94e142a6,engineering.casino,available,15.99,129.58,high,low,11,unstoppable,,,07/10/2026 19:10
6f10ec4b-45c9-4fdb-826c-76b926df588d,software.mom,premium,672.95,672.95,high,medium,8,spaceship,,,08/10/2026 02:38
7e4c13e5-6ca1-44a3-b07a-6f2d3a58bf0d,software.channel,premium,516.67,516.67,high,medium,8,spaceship,,,08/10/2026 02:38
c440a9de-4e6c-4091-96bf-5dd2ca67533b,computing.schule,available,28.99,28.99,high,low,9,namesilo,,,19/09/2026 12:12
802a3ba2-7276-4993-a2be-fb5fe319a9ca,data.christmas,available,30.2,30.2,high,medium,4,cloudflare,,,07/10/2026 07:43
61e4015e-318f-4ff1-8f39-98091215eba0,innovation.soccer,available,10.92,23.76,high,medium,10,dynadot,,,07/10/2026 14:54
73a64972-86a4-4f7e-a0c4-62b449d9a8ea,engineering.vegas,available,19.98,64.98,high,low,11,namecheap,,,07/10/2026 19:10
7c23a04f-be15-4ab4-8940-decaa124a899,engineering.horse,available,32.49,32.49,high,low,11,namesilo,,,07/10/2026 19:10
67fd631a-decf-408f-a514-a832c2f573de,software.creditcard,available,129.2,129.2,high,medium,8,spaceship,,,08/10/2026 02:38
459f5330-6574-49c1-b3fb-ea86d06921f2,computing.engineer,premium,118.8,118.8,high,low,9,namesilo,,,19/09/2026 12:12
2ae9164c-a2b5-4191-be00-e9584d345b49,computing.mobile,premium,780,780,high,low,9,namecheap,,,19/09/2026 12:12
6a45b05a-7a2a-4da9-bfef-7df371d9d50c,computing.racing,available,11.99,11.99,high,low,9,namesilo,,,19/09/2026 12:12
a6bdfe03-e6a7-489f-b64b-5c054c891310,hardware.education,available,28.15,28.15,high,low,8,spaceship,,,06/10/2026 19:35
b8764373-08e5-497b-b388-57cd4d78641b,computing.cricket,available,23.59,23.59,high,low,9,namesilo,,,19/09/2026 12:12
c4c8045e-670d-4f10-995f-eaae7e1b67af,engineering.shiksha,premium,2000.5,2070.2,high,low,11,unstoppable,,,07/10/2026 19:10
44133189-b7d9-4226-a5fb-c997754622f7,computing.bot,resell,,,high,low,9,"Spaceship, Inc.",08/09/2024 22:29,08/09/2027 22:29,26/09/2026 05:10
121ed0d0-0f92-48df-be94-1dd344337fe3,engineering.film,premium,130,130,high,low,11,namecheap,,,07/10/2026 19:10
d6c51ec3-3505-4ed0-ae51-61f3391b0b3c,tech.living,premium,181.33,258.95,high,medium,4,spaceship,,,07/10/2026 15:09
1c7880a7-28ec-47c4-8fb5-7b456893d68a,engineering.moda,available,41.99,41.99,high,low,11,namesilo,,,07/10/2026 19:10
5631caf1-650e-48d2-a4e0-9d6c1cebfccb,tech.diamonds,available,43.67,43.67,high,medium,4,spaceship,,,07/10/2026 15:09
1be58b4c-4c6a-4fe6-937a-b2358c14c666,engineering.sarl,available,6.99,6.99,high,low,11,namesilo,,,07/10/2026 19:10
8745f71d-a038-46e2-be61-e94c69dba00f,hardware.ink,available,2.99,32.49,high,low,8,namesilo,,,06/10/2026 19:35
027a6925-bdcd-4e34-9cc7-cb9e5bf4a5bf,software.vana,available,2070.2,2070.2,high,medium,8,spaceship,,,08/10/2026 02:38
3b15fd50-2740-42bd-abc5-46c87da6efed,software.trading,premium,3250,3250,high,medium,8,namecheap,,,08/10/2026 02:38
ee9a3afe-799a-4452-8291-0962b503eb3c,computing.holiday,available,64.99,64.99,high,low,9,namesilo,,,19/09/2026 12:12
f7d298fd-2336-481a-9c72-80e947bb27c1,software.band,available,15.96,28.32,high,medium,8,porkbun,,,08/10/2026 02:38
3ae13f37-ea3b-4197-aede-1df60ea33651,hardware.farm,resell,,,high,low,8,"Spaceship, Inc.",23/02/2026 08:03,23/02/2027 08:03,06/10/2026 19:35
6af792e5-4647-4621-b94a-e40768e4a441,hardware.attorney,available,65.98,76.98,high,low,8,namecheap,,,06/10/2026 19:35
76341f5b-29ee-4e03-b2b7-dcb275726f2f,data.immobilien,available,29.2,29.2,high,medium,4,cloudflare,,,07/10/2026 07:43
f8fbc4c7-ec60-43e3-8d42-ccb010aa9373,tech.financial,resell,,,high,medium,4,"GoDaddy.com, LLC",04/02/2022 23:15,04/02/2027 23:15,07/10/2026 15:09
8619f8f2-a037-47e0-b645-1152830b6361,hardware.club,premium,1035.2,15.73,high,low,8,spaceship,,,06/10/2026 19:35
9cbe0297-e007-4bd6-a45a-0f7a65c1ad60,tech.exchange,resell,,,high,medium,4,"NameSilo, LLC",28/09/2017 16:00,28/09/2027 16:00,07/10/2026 15:09
73d7edc7-8a23-41dd-b729-d1132c81728a,software.diamonds,resell,,,high,medium,8,united-domains GmbH,26/02/2014 16:00,26/02/2027 16:00,08/10/2026 02:38
58492e48-d95f-43e1-9d24-c97402402278,tech.surgery,premium,207.2,207.2,high,medium,4,spaceship,,,07/10/2026 15:09
8057e2f4-4892-4e2f-a4b4-d6b2869ad553,innovation.esq,premium,329.2,359.68,high,medium,10,unstoppable,,,07/10/2026 14:54
6356863c-0396-4e39-8c90-ff42c623cff9,computing.dog,available,5.98,86.98,high,low,9,namecheap,,,19/09/2026 12:12
07fddda9-be1c-446f-9fdc-677463a7c87a,computing.works,resell,,,high,low,9,Dynadot Inc,06/02/2026 17:00,06/02/2027 17:00,26/09/2026 05:10
208193c2-6d43-4386-a022-0db3d6891197,hardware.sbs,premium,330,660,high,low,8,dynadot,,,06/10/2026 19:35
f9b2e821-8400-4e6b-bf10-f87f6c39a536,software.live,premium,1107,1107,high,medium,8,namesilo,,,08/10/2026 02:38
879018ee-3a0a-4d18-8cc5-5512f9a25ffc,engineering.fish,premium,118.8,118.8,high,low,11,namesilo,,,07/10/2026 19:10
9ba86acd-d9db-4259-bcbf-790758471b6a,engineering.pw,premium,640,640,high,low,11,namesilo,,,07/10/2026 19:10
427f7a77-c099-4dd7-8a9a-34fde6ce9c09,innovation.ski,premium,102.67,102.67,high,medium,10,spaceship,,,07/10/2026 14:54
67be0a4c-82f8-4741-9a47-3b0ae4e62649,engineering.casa,premium,83,10.55,high,low,11,spaceship,,,07/10/2026 19:10
3835aa79-6430-420a-95bc-3ee61d3d8fa8,computing.cam,available,8.99,17.49,high,low,9,namesilo,,,19/09/2026 12:12
eb962ce6-eaab-4370-bc68-8da4fc282bd0,tech.style,resell,,,high,medium,4,"Name.com, Inc.",20/05/2015 16:00,20/05/2027 16:00,07/10/2026 15:09
ec06eceb-5de9-481a-be15-e9412abe7ec9,innovation.money,resell,,,high,medium,10,"Spaceship, Inc.",01/06/2021 22:44,01/06/2027 22:44,07/10/2026 14:54
dbecc70d-4432-4bce-a338-cdf28a97adee,hardware.photo,premium,103.7,103.7,high,low,8,spaceship,,,06/10/2026 19:35
94e689b6-6b19-4b5e-abfa-baee0daa7c49,hardware.holiday,available,51.95,51.95,high,low,8,spaceship,,,06/10/2026 19:35
6f54819a-a1b9-4d53-ba46-8b01a015d188,computing.ski,available,76.98,82.98,high,low,9,namecheap,,,19/09/2026 12:12
fe0a7747-e695-4de8-a328-cd0b14c677da,computing.vet,available,41.99,41.99,high,low,9,namesilo,,,19/09/2026 12:12
66981af1-4ba6-40f2-b8c6-fb717a2f2010,innovation.tv,resell,,,high,medium,10,1API GmbH,19/03/2010 07:55,19/03/2027 07:55,07/10/2026 14:54
bfeae8e6-9b8b-4628-8ceb-3b9513095074,innovation.moi,available,27,25.99,high,medium,10,unstoppable,,,07/10/2026 14:54
ad7e4d3a-06ef-4015-afa7-aed0ad40b3ac,innovation.luxury,available,26,26,high,medium,10,spaceship,,,07/10/2026 14:54
4be7765e-9e22-4d0a-bafe-6bfd103849f9,network.talk,premium,640,640,high,medium,7,namesilo,,,06/10/2026 16:52
ab51a18d-4431-457d-b525-d08b9f89b4a0,hardware.irish,available,5.38,17.8,high,low,8,spaceship,,,06/10/2026 19:35
af2935a9-ef6e-4f06-b366-4712bf3f21f1,data.realty,premium,3622.7,5175.2,high,medium,4,spaceship,,,07/10/2026 07:43
e86358a5-cb84-4ce7-a4b1-25bef0ec4ed7,computing.osaka,available,32.98,41.98,high,low,9,namecheap,,,19/09/2026 12:12
91e9844c-5a4f-42be-b2bb-4b52d94189ad,engineering.surgery,premium,128.7,128.7,high,low,11,namecheap,,,07/10/2026 19:10
abc96a9a-968b-4960-be18-cde0f70c9da4,hardware.lighting,available,18.2,18.2,high,low,8,cloudflare,,,06/10/2026 19:35
82bbd145-8405-4a48-a723-4bba109670f8,innovation.beauty,resell,,,high,medium,10,"Spaceship, Inc.",30/12/2024 10:07,30/12/2026 23:59,07/10/2026 14:54
caa50338-adc6-4fe3-811e-52a99c10f569,engineering.college,premium,3450,3450,high,low,11,namesilo,,,07/10/2026 19:10
64416f31-3541-402c-88c4-2d1e9548a90a,tech.school,resell,,,high,medium,4,"GoDaddy.com, LLC",31/05/2015 16:00,31/05/2027 16:00,07/10/2026 15:09
1217db53-915c-49f1-8dc7-8a77c51801e2,engineering.vote,available,70.2,70.2,high,low,11,cloudflare,,,07/10/2026 19:10
51d17d47-380f-4df9-8db0-264bb889c670,computing.free,premium,116,116,high,low,9,namesilo,,,19/09/2026 12:12
fefb0e42-2a71-4deb-991f-8d730824f3e4,innovation.juegos,available,321.22,321.22,high,medium,10,dynadot,,,07/10/2026 14:54
8fa67bc6-05a2-45c6-847e-775cff8bc9ef,innovation.llc,premium,2587.7,2587.7,high,medium,10,spaceship,,,07/10/2026 14:54
d6bf3769-af01-4485-926b-7bd0b84c33d4,engineering.gallery,premium,118.8,118.8,high,low,11,namesilo,,,07/10/2026 19:10
61205fa7-3415-45e5-a855-6ddb47d13fce,electronics.sarl,available,5.38,5.38,high,low,11,spaceship,,,05/10/2026 17:14
ce0f4463-0db4-4370-bc38-6040b41be97a,hardware.sarl,available,6.98,8.98,high,low,8,namecheap,,,06/10/2026 19:35
880bce96-c062-4c53-bab0-90a1d8cccfb1,innovation.bz,available,21.98,26.98,high,medium,10,namecheap,,,07/10/2026 14:54
8769c1ae-6ec0-4fc0-8ec1-3e10481e7137,hardware.lgbt,available,11.98,93.98,high,low,8,namecheap,,,06/10/2026 19:35
5a5fd888-1f36-4d56-b591-5f5732f67438,innovation.london,available,10.18,28.2,high,medium,10,spaceship,,,07/10/2026 14:54
28e79720-bd40-44ab-9657-d2f38f675898,hardware.rentals,resell,,,high,low,8,"Global Domains International, Inc. DBA DomainCostClub.com",30/07/2020 14:04,30/07/2027 14:04,06/10/2026 19:35
7b1ceee6-69ec-44fb-be79-884068b19b3b,software.flights,premium,128.7,128.7,high,medium,8,namecheap,,,08/10/2026 02:38
d475c120-ce47-423e-ab42-bb5401c96c50,hardware.tienda,available,59.99,59.99,high,low,8,namesilo,,,06/10/2026 19:35
d938e496-65cf-446e-8a49-466ca1f8235b,computing.photos,available,15.99,29.99,high,low,9,namesilo,,,19/09/2026 12:12
f29bb30f-75b8-4134-917d-239cb8981d2c,innovation.store,premium,647.08,2587.7,high,medium,10,spaceship,,,07/10/2026 14:54
cd7331a2-cf38-4ad5-9d27-40d1d8bc6241,hardware.accountants,available,23.76,106.15,high,low,8,dynadot,,,06/10/2026 19:35
74704209-708a-49d0-bc0b-5178ecf9223d,computing.sexy,available,2749.99,2749.99,high,low,9,namesilo,,,19/09/2026 12:12
988326bd-f5b5-4be1-b37e-397edac7512a,innovation.hot,premium,103.7,103.7,high,medium,10,spaceship,,,07/10/2026 14:54
7c5c54ff-d87d-4ac9-83f2-193c6bda15cc,tech.gmbh,premium,207.2,207.2,high,medium,4,spaceship,,,07/10/2026 15:09
9f3eed82-6abe-41f2-91e8-69b3b8b2dfde,tech.industries,premium,414.2,414.2,high,medium,4,spaceship,,,07/10/2026 15:09
151481e7-4c41-4dc9-b571-5d0068f7e126,tech.cfd,resell,,,high,medium,4,Dynadot Inc,08/07/2024 21:23,08/07/2027 23:59,07/10/2026 15:09
4ed6f0d4-0ce9-489a-b609-370e362f5716,engineering.capital,premium,72.6,72.6,high,low,11,dynadot,,,07/10/2026 19:10
9460df78-7269-4ab7-b7a2-26553f8f4ade,computing.financial,available,23.99,58.99,high,low,9,namesilo,,,19/09/2026 12:12
e405ef68-e84a-4449-8539-1a30423affc6,innovation.pw,premium,550,1100,high,medium,10,dynadot,,,07/10/2026 14:54
42a98b6d-c0cf-4a57-9641-779f7b355a81,internet.company,resell,,,high,medium,8,GoDaddy Online Services Cayman Islands Ltd.,24/06/2015 00:05,24/06/2028 00:05,08/10/2026 03:05
33fd0b58-b0b0-42e7-a54f-31e6d4c595af,software.ceo,premium,413.37,413.37,high,medium,8,spaceship,,,08/10/2026 02:38
67031a06-d875-44d4-9fee-99c01726aa98,hardware.trading,available,16.76,16.76,high,low,8,spaceship,,,06/10/2026 19:35
0b88a7f2-ef58-44be-acc5-3b0d13d5ba13,hardware.auction,premium,440,440,high,low,8,dynadot,,,06/10/2026 19:35
5bbcad46-377e-45e9-b8b3-a898ed76efef,tech.florist,available,26.08,26.08,high,medium,4,spaceship,,,07/10/2026 15:09
ff23c639-1379-4991-aa26-2d544d9f5197,software.college,premium,13800,13800,high,medium,8,namesilo,,,08/10/2026 02:38
c66a7574-f874-4b6d-8510-18dc5305e2e8,computing.agency,resell,,,high,low,9,"Sav.com, LLC",31/12/2025 17:52,31/12/2026 17:52,26/09/2026 05:10
17ca8970-c38a-4ab4-9961-a314996c70da,hardware.theater,available,51.95,51.95,high,low,8,spaceship,,,06/10/2026 19:35
1a88ff8a-873c-483a-91d3-5bc91e00718b,innovation.diy,premium,455,650,high,medium,10,namecheap,,,07/10/2026 14:54
af9cbe5d-6e2e-4ae4-b2cd-f7ac544b396c,network.voyage,available,46.78,46.78,high,medium,7,spaceship,,,06/10/2026 16:52
69122f96-aa43-4f6e-802c-0e4a61c2afa1,internet.uno,premium,5175.2,5175.2,high,medium,8,spaceship,,,08/10/2026 03:05
6391439a-2481-48b0-a865-8e2548216099,computing.pizza,available,17.99,64.99,high,low,9,namesilo,,,19/09/2026 12:12
ceb166be-3d9f-43dc-8af8-f27cb6c3460b,hardware.pizza,available,17.99,64.99,high,low,8,namesilo,,,06/10/2026 19:35
16d4ded1-0ccf-4ead-bd32-d6c5a6217826,network.co,resell,,,high,medium,7,Hello Internet Corp.,25/02/2010 00:21,24/02/2027 23:59,06/10/2026 16:52
465e7166-8a0d-4d44-8c1d-8b060422d1a8,computer.ninja,premium,512,512,high,low,8,namesilo,,,05/10/2026 19:29
ce242cc3-7dcc-44c4-88a3-96e37cdc86fa,engineering.mx,available,39.99,43.99,high,low,11,namesilo,,,07/10/2026 19:10
3b32c132-3680-43d5-8a61-ad0bdd7ded8b,engineering.band,available,24.2,24.2,high,low,11,cloudflare,,,07/10/2026 19:10
b8167a33-11bb-416d-b02c-fa9ab0838401,software.rsvp,premium,499.2,648.7,high,medium,8,unstoppable,,,08/10/2026 02:38
ce5fdc4a-ff33-4b4c-aa4f-d14b5e1f8333,software.sale,premium,1300,1300,high,medium,8,namecheap,,,08/10/2026 02:38
e9197c6d-3346-4f48-81c9-7910636826e5,innovation.life,resell,,,high,medium,10,"Chengdu West Dimension Digital Technology Co., Ltd.",16/03/2020 08:51,16/03/2027 08:51,07/10/2026 14:54
cdd1fe38-a66a-482c-a3ba-879962d011e1,engineering.forex,available,80.2,80.2,high,low,11,cloudflare,,,07/10/2026 19:10
67e65b82-65ba-4f02-8cac-dc6cd7a5e2a1,engineering.bar,premium,326.23,465.95,high,low,11,spaceship,,,07/10/2026 19:10
54095bc6-2f49-420c-ad0b-1c38d56cecbe,innovation.parts,premium,128.7,128.7,high,medium,10,namecheap,,,07/10/2026 14:54
4a3e4ab6-c0ed-4ea1-bb39-547cb8e6fc18,network.reisen,available,16.76,16.76,high,medium,7,spaceship,,,06/10/2026 16:52
27d963f0-fe87-4c02-9a8c-5416b5e4dd56,internet.contractors,premium,34.36,34.36,high,medium,8,spaceship,,,08/10/2026 03:05
07566788-9fe3-4543-816a-87ddd725ac9d,computing.cars,available,1999.99,2199,high,low,9,namesilo,,,19/09/2026 12:12
8352096c-f578-4234-aa6a-464634b02da6,data.games,resell,1300,1300,high,medium,4,"GoDaddy.com, LLC",23/01/2026 17:01,23/01/2027 17:01,07/10/2026 07:43
5beedf2a-d849-4376-9c9e-4f6bec090ead,hardware.moda,available,41.99,41.99,high,low,8,namesilo,,,06/10/2026 19:35
efcc74d4-abf7-42c4-9100-83c833f31657,electronics.schule,available,28.99,28.99,high,low,11,namesilo,,,05/10/2026 17:14
1c8650fa-37e8-4d4a-86cb-2027d7157fc1,network.casino,resell,,,high,medium,7,Dynadot Inc,23/09/2026 22:27,23/09/2027 22:27,06/10/2026 16:52
90d52ec7-09d3-4668-89c5-f378307d08ae,engineering.condos,premium,102.67,102.67,high,low,11,spaceship,,,07/10/2026 19:10
71a6aa1b-88b0-4d29-9026-e84235822cec,innovation.vodka,available,25.2,25.2,high,medium,10,cloudflare,,,07/10/2026 14:54
acfb219b-0e31-4d32-a477-76c06c1b6821,engineering.buzz,premium,512,116,high,low,11,namesilo,,,07/10/2026 19:10
4a84c24a-130b-46a0-9f37-f99e19d7ee11,engineering.exposed,premium,220,220,high,low,11,dynadot,,,07/10/2026 19:10
5214747b-1756-4c25-99fe-5c5b7c1c2b24,tech.diy,premium,275,275,high,medium,4,dynadot,,,07/10/2026 15:09
21f5afce-6b19-42e3-a85f-703402d70bb3,innovation.host,premium,258.95,517.7,high,medium,10,spaceship,,,07/10/2026 14:54
f5a5f64b-9c0d-40e7-a032-cc8fb2f372a2,network.photography,available,6.41,29.18,high,medium,7,spaceship,,,06/10/2026 16:52
ea8f048b-fc88-4370-b0cb-337bfd314c49,software.prof,premium,671.92,671.92,high,medium,8,spaceship,,,08/10/2026 02:38
fd1ac6cb-fc9b-4c28-b955-88f55f9a5673,tech.srl,premium,50.6,28.04,high,medium,4,dynadot,,,07/10/2026 15:09
c67876cd-23fd-4866-a235-a5997a9c6237,tech.cv,premium,1042.76,69.86,high,medium,4,spaceship,,,07/10/2026 15:09
32008ba5-5f64-4bbc-a796-5a15faffd914,computing.mortgage,available,62.99,62.99,high,low,9,namesilo,,,19/09/2026 12:12
34d51764-877e-404a-9991-115e6ca4b86b,tech.bid,resell,,,high,medium,4,TuringSign Inc. d/b/a Cosmotown,26/07/2019 14:24,26/07/2030 14:24,07/10/2026 15:09
e9fc6ee6-ef33-4f7d-8a19-cb69f02f0ffd,engineering.vana,available,2298,2498,high,low,11,namecheap,,,07/10/2026 19:10
08fba6bb-4ba1-498d-9d55-da1c82dcdd5e,network.training,resell,,,high,medium,7,"Spaceship, Inc.",15/12/2022 17:02,15/12/2026 17:02,06/10/2026 16:52
b0ba0e38-1950-43c6-8858-d5af4a6c545a,network.college,premium,550,550,high,medium,7,dynadot,,,06/10/2026 16:52
8f75e9bd-8252-47c6-8006-07675008ead6,data.car,available,1999.99,2199,high,medium,4,namesilo,,,07/10/2026 07:43
e2722c6e-e7d4-496f-a50b-30281a4e9d7e,network.prof,premium,843.7,843.7,high,medium,7,namecheap,,,06/10/2026 16:52
e9341e13-6948-4443-8955-dbf681148cb1,internet.channel,premium,516.67,516.67,high,medium,8,spaceship,,,08/10/2026 03:05
cca7a8b6-878e-4b05-8b16-f99a1e240d82,network.gifts,available,29.18,29.18,high,medium,7,spaceship,,,06/10/2026 16:52
75dd7e1f-8372-402e-a2a8-83e7587bdfae,engineering.pet,available,6.98,39.48,high,low,11,namecheap,,,07/10/2026 19:10
36402b7c-71cc-43ee-a3ea-57dc5b973574,tech.contact,resell,,,high,medium,4,"Global Domains International, Inc. DBA DomainCostClub.com",09/12/2020 16:00,09/12/2026 16:00,07/10/2026 15:09
d6e8da0d-fd49-4a1b-8ca7-f8ea531b509d,data.solutions,resell,,,high,medium,4,"GoDaddy.com, LLC",20/06/2015 04:38,20/06/2028 04:38,07/10/2026 07:43
d6d957b7-82e6-4e58-92fe-0f850c761ee4,internet.info,resell,,,high,medium,8,IONOS SE,31/07/2001 01:08,31/07/2027 01:08,08/10/2026 03:05
05d7130a-d18d-4bad-9b66-68d31ff5795a,tech.fitness,premium,880,880,high,medium,4,dynadot,,,07/10/2026 15:09
6090589a-a88f-48e1-b219-bb532021e9e5,engineering.mov,premium,59.2,61.27,high,low,11,unstoppable,,,07/10/2026 19:10
d62f46a1-f174-41cd-9698-9c83674a3c99,hardware.site,premium,647.08,2587.7,high,low,8,spaceship,,,06/10/2026 19:35
63684357-5284-437d-83fa-9c59f16353cc,engineering.space,premium,13800,13800,high,low,11,namesilo,,,07/10/2026 19:10
09b96cb3-e9a2-41cb-a184-4e516e2743e0,internet.berlin,resell,,,high,medium,8,,27/11/2015 16:02,27/11/2027 16:02,08/10/2026 03:05
41443b8c-5e96-43a1-9d9e-42a3ba3d4dfa,tech.graphics,premium,34.36,34.36,high,medium,4,spaceship,,,07/10/2026 15:09
9af86ba2-e027-4cfb-b158-c1c3a4f6b152,electronics.spot,premium,103.7,103.7,high,low,11,spaceship,,,05/10/2026 17:14
05078365-9d88-43dd-9dc1-671864f2d413,software.soy,premium,516.67,516.67,high,medium,8,spaceship,,,08/10/2026 02:38
923aa0f8-7a8f-414f-8e9b-cc212d7dd625,tech.fishing,premium,41.6,26.08,high,medium,4,spaceship,,,07/10/2026 15:09
45f09c7e-798c-40cc-a0c5-3f2877f3e95b,software.delivery,resell,,,high,medium,8,Dynadot Inc,03/07/2021 13:00,03/07/2027 13:00,08/10/2026 02:38
d35f8d1c-160a-4a95-924d-16a7688627a5,electronics.furniture,available,20.9,82.76,high,low,11,spaceship,,,05/10/2026 17:14
d73cfab0-3bc1-4df8-bc3f-3d7a55dfd14e,software.pw,premium,1375,2750,high,medium,8,dynadot,,,08/10/2026 02:38
f8040050-dede-4426-b5e4-b66925c5921e,electronics.democrat,available,7.25,32.99,high,low,11,namesilo,,,05/10/2026 17:14
0637e5cf-ee0c-48ea-90a7-8e1f7498961e,hardware.salon,available,45.74,45.74,high,low,8,spaceship,,,06/10/2026 19:35
6fcbbf5a-dbc0-4c10-be31-7a526b73b314,hardware.shiksha,premium,780,780,high,low,8,namecheap,,,06/10/2026 19:35
4f1e6758-cfbd-487c-99a0-3391ea464005,network.us,resell,,,high,medium,7,"GoDaddy.com, LLC",24/04/2002 14:01,23/04/2027 23:59,06/10/2026 16:52
3c4054cf-c08f-457d-a04f-92dc6d09f37f,electronics.place,available,17.8,17.8,high,low,11,spaceship,,,05/10/2026 17:14
946eedca-369a-4cb0-a6ef-a49d1243b319,hardware.homes,resell,,,high,low,8,Dynadot Inc,19/08/2026 14:32,19/08/2027 23:59,06/10/2026 19:35
09e32466-09b3-4ff2-bacf-2aabcbf140c3,software.photos,available,15.99,29.99,high,medium,8,namesilo,,,08/10/2026 02:38
ed5e2bf2-b2b7-463e-977e-0b35218b4bbb,engineering.security,available,2000.2,2000.2,high,low,11,cloudflare,,,07/10/2026 19:10
30f2b613-2e1c-4efa-ba02-22b6d7cf82eb,electronics.observer,premium,20.9,20.9,high,low,11,spaceship,,,05/10/2026 17:14
d748d695-b4cf-4e1e-90a2-3023dcbc1811,software.dating,premium,414.2,414.2,high,medium,8,spaceship,,,08/10/2026 02:38
5b57e857-3e79-4c53-9a5c-7a65341259a4,innovation.lawyer,available,49.88,49.88,high,medium,10,spaceship,,,07/10/2026 14:54
42566dbd-c2de-4181-b31e-b04c722fc88d,innovation.family,premium,62.3,62.3,high,medium,10,spaceship,,,07/10/2026 14:54
67448f7f-120e-4926-8c78-4a001a49ac32,hardware.lawyer,available,65.98,66.98,high,low,8,namecheap,,,06/10/2026 19:35
0b4fe789-f352-4058-a1be-005e4180c092,hardware.partners,available,10.48,88.98,high,low,8,namecheap,,,06/10/2026 19:35
aeb85cfb-5ea6-46ee-bcf2-51fbf0f5a9bb,hardware.plus,premium,78.54,78.54,high,low,8,namesilo,,,06/10/2026 19:35
e2a771c1-1a69-428f-956e-a47eef25b8fc,hardware.maison,available,45.74,45.74,high,low,8,spaceship,,,06/10/2026 19:35
317bfc6d-6e05-4f15-ad4d-036cf6026b1c,hardware.parts,premium,414.2,414.2,high,low,8,spaceship,,,06/10/2026 19:35
e9fa8e26-e861-4b68-8355-c5ab1476840f,tech.ventures,resell,,,high,medium,4,"GoDaddy.com, LLC",04/02/2014 04:55,04/02/2027 04:55,07/10/2026 15:09
2e32d9c1-79a4-4a23-b521-d7e5a0673815,internet.shiksha,premium,5520,5520,high,medium,8,namesilo,,,08/10/2026 03:05
59c79283-0891-4ed4-be68-3977c62ffb30,hardware.rich,available,94.99,1999,high,low,8,namesilo,,,06/10/2026 19:35
0ff5579e-0458-4f60-aedc-0ca38cf8f1d2,internet.fan,premium,260,260,high,medium,8,namecheap,,,08/10/2026 03:05
ed9bc284-4abd-4bcb-a5eb-d3ac17da7343,tech.blackfriday,available,103.7,103.7,high,medium,4,spaceship,,,07/10/2026 15:09
636196ab-05ab-4e3e-b376-b7f34351b3ed,electronics.money,available,16,38.98,high,low,11,unstoppable,,,05/10/2026 17:14
840db5c2-7f5d-4f24-b745-25dcd483c2ef,electronics.gg,available,68.98,82.98,high,low,11,namecheap,,,05/10/2026 17:14
61929c7d-5fdc-4e8b-bf63-4a055c47122e,hardware.rest,premium,230.4,230.4,high,low,8,namesilo,,,06/10/2026 19:35
f9b82f19-893c-48cc-9284-5c3633573135,innovation.gives,available,6.41,22.39,high,medium,10,spaceship,,,07/10/2026 14:54
89b44d15-96fd-4343-9929-76a0846a26f1,internet.study,premium,1300,1300,high,medium,8,namecheap,,,08/10/2026 03:05
af4d7930-5dd6-4bd3-8bf9-5a5407378854,internet.space,premium,,,high,medium,8,,,,08/10/2026 03:05
b6c4f203-ecc4-4e0a-976e-b1305b6c4678,data.moi,premium,242,242,high,medium,4,namesilo,,,07/10/2026 07:43
777ca5fc-9e82-454b-9bce-5dd9edfafd86,internet.black,resell,,,high,medium,8,"Xiamen ChinaSource Internet Service Co., Ltd",02/03/2026 15:16,02/03/2027 15:16,08/10/2026 03:05
d33a8dda-6342-469b-bfa4-d159239a6599,computer.social,premium,68.51,68.51,high,low,8,spaceship,,,05/10/2026 19:29
0e6d2183-b883-4640-a37c-24fbf4594b01,software.tennis,available,51.95,51.95,high,medium,8,spaceship,,,08/10/2026 02:38
d508d73c-a57d-409f-a080-17f157ad4058,tech.vc,resell,,,high,medium,4,Dynadot Inc,04/07/2013 03:26,04/07/2027 03:26,07/10/2026 15:09
9334b56a-5013-4fe4-93d5-2622247a2569,electronics.immo,available,34.99,34.99,high,low,11,namesilo,,,05/10/2026 17:14
7b34552c-b246-48b1-900a-1184d030e43d,engineering.blackfriday,available,103.7,103.7,high,low,11,spaceship,,,07/10/2026 19:10
9af74b82-21af-4c8a-98d4-dd8fec57c9c4,data.ski,resell,,,high,medium,4,"Xiamen ChinaSource Internet Service Co., Ltd",04/02/2026 17:37,04/02/2027 17:37,07/10/2026 07:43
42de9b20-fefd-46d8-855b-435032261f33,computing.sex,available,69.98,154.98,high,low,9,namecheap,,,19/09/2026 12:12
b960f724-c38f-46e0-8552-b15df47d97da,computer.miami,premium,96,21.24,high,low,8,namesilo,,,05/10/2026 19:29
9e8f5a1f-c978-4dd4-be66-25972700a0dd,computing.casino,available,14.99,159.99,high,low,9,namesilo,,,19/09/2026 12:12
38e14859-3b0f-4dc2-b20f-32992f51bddc,hardware.bingo,available,42.64,42.64,high,low,8,spaceship,,,06/10/2026 19:35
674e4693-585c-4b6c-9158-2bcc9c6a9d0d,engineering.ski,premium,118.8,118.8,high,low,11,namesilo,,,07/10/2026 19:10
9479335e-9a2b-4150-8a29-faf0f2adcdd7,hardware.realty,available,88.18,289.16,high,low,8,spaceship,,,06/10/2026 19:35
52f858d5-0b06-4d21-91ab-6b8f128a55db,computer.events,premium,520,520,high,low,8,namecheap,,,05/10/2026 19:29
e3ea88a2-ec37-42e1-9123-b1d7ee3c84c3,engineering.giving,premium,207.2,207.2,high,low,11,spaceship,,,07/10/2026 19:10
366ca834-fe5d-4cdf-8407-39a68420c09c,computing.rich,available,94.99,1999,high,low,9,namesilo,,,19/09/2026 12:12
d96ab619-f93e-4fbb-bcac-a1aaffa16729,engineering.social,premium,512,512,high,low,11,namesilo,,,07/10/2026 19:10
da3c871a-8853-4f7b-9294-2a3c14e6913a,computer.dentist,premium,260,260,high,low,8,namecheap,,,05/10/2026 19:29
d9b716cd-087a-4150-b738-8e732cb3d13a,computer.ventures,available,46.2,46.2,high,low,8,cloudflare,,,05/10/2026 19:29
72081760-5053-43b7-a5df-03cef564f815,computer.dealer,premium,4278,2660,high,low,8,namesilo,,,05/10/2026 19:29
843ecef6-7a3d-4a36-92c1-894a178e3e2c,engineering.family,premium,102.67,102.67,high,low,11,spaceship,,,07/10/2026 19:10
f529e0d6-9211-43c9-8ecf-ecbd76cc680d,hardware.ski,available,20.9,51.95,high,low,8,spaceship,,,06/10/2026 19:35
a9eeba82-4b1f-46de-b251-dd271479e414,computer.berlin,resell,,,high,low,8,,18/03/2014 11:19,18/03/2027 11:19,05/10/2026 19:29
0c7ac5d7-3417-4e84-8443-bc437f0ea8ea,software.so,resell,,,high,medium,8,SOSTEC TECHNOLOGIES_LR,07/01/2020 08:34,07/01/2026 08:34,
82fcea8f-d696-4c0c-b8f5-4437b2b10f92,software.tienda,premium,109.53,218.86,high,medium,8,porkbun,,,08/10/2026 02:38